{
  "test": {},
  "uat": {},
  "staging": {},
  "live": {
    "data": [
      {
        "status": 1,
        "end": 1573750740,
        "name": "11.11 2019 Festival Skin",
        "pc": {
          "banner": {
            "image_type": "fs",
            "image": "f62d31b15735a73fe509f3e2ef5dc923",
            "display_height": 400,
            "display_width": 1700
          },
          "display": 1
        },
        "mobile": {
          "category_image": {
            "right_offset": 100,
            "image": "0eeb6ffce8f0595478beae7f53d7e10d",
            "top_offset": 10,
            "display_height": 28,
            "display_width": 87
          },
          "display": 1,
          "daily_discover_image": {
            "right_offset": 0,
            "image": "d1d431b6058348ee25435549d111519c",
            "top_offset": 10,
            "display_height": 32,
            "display_width": 76
          }
        },
        "start": 1570986000,
        "mtime": 1569918645,
        "operator": "gerwin.radiyan@shopee.com",
        "id": 34
      }
    ]
  }
}