{
  "test": {},
  "uat": {},
  "staging": {},
  "live": {
    "data": [
      {
        "status": 1,
        "end": 1576425540,
        "name": "11.11 2019 Festival Skin",
        "pc": {
          "banner": {
            "image_type": "fs",
            "image": "6adb944d5d35bbcc5fb8c1f2f4957ec2",
            "display_height": 400,
            "display_width": 1700
          },
          "display": 1
        },
        "mobile": {
          "category_image": {
            "right_offset": 100,
            "image": "fc0d22488bd70e025b7519d10e96ae0e",
            "top_offset": 0,
            "display_height": 32,
            "display_width": 76
          },
          "display": 1,
          "daily_discover_image": {
            "right_offset": 0,
            "image": "e16c7b196770fc7bd5cbde5ac4aeb758",
            "top_offset": 0,
            "display_height": 28,
            "display_width": 87
          }
        },
        "start": 1571068800,
        "mtime": 1571042704,
        "operator": "amanda.yew@shopee.com",
        "id": 6
      }
    ]
  }
}