{
  "test": {},
  "uat": {},
  "staging": {},
  "live": {
    "data": {
      "cancellation_rate": {
        "shop_page_warning": 20,
        "shop_page_visibility": 10
      },
      "ship_out_time": {
        "very_fast": {
          "max": 12,
          "display": {
            "en": "Within 12 hours",
            "id": "Dalam waktu 12 jam"
          },
          "min": 0
        },
        "slow": {
          "max": 48,
          "display": {
            "en": "1-2 days",
            "id": "1-2 hari"
          },
          "min": 24
        },
        "very_slow": {
          "display": {
            "en": "More than 2 days",
            "id": "Lebih dari 2 hari"
          },
          "min": 48
        },
        "fast": {
          "max": 24,
          "display": {
            "en": "Within 1 day",
            "id": "Dalam waktu 24 jam"
          },
          "min": 12
        }
      }
    }
  }
}