{
  "test": {},
  "uat": {},
  "staging": {},
  "live": {
    "data": {
      "cancellation_rate": {
        "shop_page_warning": 5,
        "shop_page_visibility": 0
      },
      "ship_out_time": {
        "very_fast": {
          "max": 24,
          "display": {
            "zh-Hans": "1天以内",
            "en": "Within 1 day",
            "ms-my": "Dalam tempoh 1 hari"
          },
          "min": 0
        },
        "slow": {
          "max": 96,
          "display": {
            "zh-Hans": "2-4天",
            "en": "2-4 days",
            "ms-my": "2-4 hari"
          },
          "min": 48
        },
        "very_slow": {
          "display": {
            "zh-Hans": "4天以上",
            "en": "More than 4 days",
            "ms-my": "Lebih dari 4 hari"
          },
          "min": 96
        },
        "fast": {
          "max": 48,
          "display": {
            "zh-Hans": "1-2天",
            "en": "1-2 days",
            "ms-my": "1-2 hari"
          },
          "min": 24
        }
      }
    }
  }
}