{
  "test": {},
  "uat": {},
  "staging": {},
  "live": {
    "data": {
      "cancellation_rate": {
        "shop_page_warning": 5,
        "shop_page_visibility": 0
      },
      "ship_out_time": {
        "very_fast": {
          "max": 24,
          "display": {
            "en": "Within 1 day"
          },
          "min": 0
        },
        "slow": {
          "max": 96,
          "display": {
            "en": "2-4 days"
          },
          "min": 48
        },
        "very_slow": {
          "display": {
            "en": "More than 4 days"
          },
          "min": 96
        },
        "fast": {
          "max": 48,
          "display": {
            "en": "1-2 days"
          },
          "min": 24
        }
      }
    }
  }
}