{
  "test": {},
  "uat": {},
  "staging": {},
  "live": {
    "data": {
      "cancellation_rate": {
        "shop_page_warning": 10,
        "shop_page_visibility": 2
      },
      "ship_out_time": {
        "very_fast": {
          "max": 24,
          "display": {
            "en": "Within 1 days",
            "th": "ภายใน 1 วัน"
          },
          "min": 0
        },
        "slow": {
          "max": 72,
          "display": {
            "en": "2-3 days",
            "th": "2-3 วัน"
          },
          "min": 48
        },
        "very_slow": {
          "display": {
            "en": "More than 3 days",
            "th": "มากกว่า 3 วัน"
          },
          "min": 72
        },
        "fast": {
          "max": 48,
          "display": {
            "en": "1-2 days",
            "th": "1-2 วัน"
          },
          "min": 24
        }
      }
    }
  }
}