{
  "test": {},
  "uat": {},
  "staging": {},
  "live": {
    "data": {
      "cancellation_rate": {
        "shop_page_warning": 5,
        "shop_page_visibility": 0
      },
      "ship_out_time": {
        "very_fast": {
          "max": 12,
          "display": {
            "en": "Within 12 hours",
            "zh-Hant": "12小時內"
          },
          "min": 0
        },
        "slow": {
          "max": 144,
          "display": {
            "en": "3 days to 1 week",
            "zh-Hant": "3-7天"
          },
          "min": 72
        },
        "very_slow": {
          "display": {
            "en": "More than 1 week",
            "zh-Hant": "˙7天以上"
          },
          "min": 144
        },
        "fast": {
          "max": 72,
          "display": {
            "en": "1-3 days",
            "zh-Hant": "1-3天"
          },
          "min": 12
        }
      }
    }
  }
}