{
  "test": {},
  "uat": {},
  "staging": {},
  "live": {
    "data": {
      "cancellation_rate": {
        "shop_page_warning": 5,
        "shop_page_visibility": 0
      },
      "ship_out_time": {
        "very_fast": {
          "max": 12,
          "display": {
            "vi": "Trong 12 giờ",
            "en": "Within 12 hours"
          },
          "min": 0
        },
        "slow": {
          "max": 36,
          "display": {
            "vi": "1-1.5 ngày",
            "en": "1-1.5 days"
          },
          "min": 24
        },
        "very_slow": {
          "display": {
            "vi": "Hơn 1.5 ngày",
            "en": "More than 1.5 days"
          },
          "min": 36
        },
        "fast": {
          "max": 24,
          "display": {
            "vi": "Trong 1 ngày",
            "en": "within 1 day"
          },
          "min": 12
        }
      }
    }
  }
}