{
  "test": {
    "sg": {
      "line": {
        "share_text": "{{page_link}} Follow up your fav seller on Shopee Feed! "
      },
      "copy_link": {
        "share_text": "{{page_link}}"
      },
      "instagram": {
        "attribution_link": "",
        "share_text": "{{page_link}} Follow up your fav seller on Shopee Feed! "
      },
      "twitter": {
        "share_text": "{{page_link}} Follow up your fav seller on Shopee Feed! "
      },
      "copy_info": {
        "share_text": "{{page_link}} Follow up your fav seller on Shopee Feed! "
      },
      "sms": {
        "share_text": "{{page_link}} Follow up your fav seller on Shopee Feed! "
      },
      "email": {
        "body": "{{page_link}} Follow up your fav seller on Shopee Feed! ",
        "subject": "{{page_link}} Your fav sellers are on Shopee now! "
      },
      "shopee-chat": {
        "share_text": "{{page_link}} Follow up your fav seller on Shopee Feed! "
      },
      "facebook": {
        "quote": "",
        "share_text": "Your fav sellers are on Shopee now! ",
        "description": "Follow up your fav seller on Shopee Feed! ",
        "hashtag": ""
      },
      "share_image": {
        "square_image": "",
        "rectangle_image": ""
      },
      "messenger": {
        "share_text": "{{page_link}} Follow up your fav seller on Shopee Feed! ",
        "share_title": "Your fav sellers are on Shopee now! ",
        "share_url": "{{page_link}}",
        "description": "Follow up your fav seller on Shopee Feed! "
      },
      "whatsapp": {
        "share_text": "{{page_link}} Follow up your fav seller on Shopee Feed! "
      },
      "facebook-web": {
        "quote": "",
        "share_text": "Your fav sellers are on Shopee now! ",
        "description": "Follow up your fav seller on Shopee Feed! ",
        "hashtag": ""
      }
    },
    "my": {
      "line": {
        "share_text": ""
      },
      "copy_link": {
        "share_text": ""
      },
      "instagram": {
        "attribution_link": "",
        "share_text": ""
      },
      "twitter": {
        "share_text": ""
      },
      "copy_info": {
        "share_text": ""
      },
      "sms": {
        "share_text": ""
      },
      "email": {
        "body": "",
        "subject": ""
      },
      "shopee-chat": {
        "share_text": ""
      },
      "facebook": {
        "quote": "",
        "share_text": "",
        "description": "",
        "hashtag": ""
      },
      "share_image": {
        "square_image": "",
        "rectangle_image": ""
      },
      "messenger": {
        "share_text": "",
        "share_title": "",
        "share_url": "",
        "description": ""
      },
      "whatsapp": {
        "share_text": ""
      },
      "facebook-web": {
        "quote": "",
        "share_text": "",
        "description": "",
        "hashtag": ""
      }
    },
    "th": {
      "line": {
        "share_text": "เข้ามาที่ Shopee เพื่อดูการอัพเดทของ {{user_name}} เลย! {{page_link}}"
      },
      "copy_link": {
        "share_text": "{{page_link}}"
      },
      "instagram": {
        "attribution_link": "",
        "share_text": "เข้ามาที่ Shopee เพื่อดูการอัพเดทของ {{user_name}} เลย! {{page_link}}"
      },
      "twitter": {
        "share_text": "เข้ามาที่ Shopee เพื่อดูการอัพเดทของ {{user_name}} เลย! {{page_link}}\n\n#shopeefeed"
      },
      "copy_info": {
        "share_text": "เข้ามาที่ Shopee เพื่อดูการอัพเดทของ {{user_name}} เลย! {{page_link}}"
      },
      "sms": {
        "share_text": "เข้ามาที่ Shopee เพื่อดูการอัพเดทของ {{user_name}} เลย! {{page_link}}"
      },
      "email": {
        "body": "เข้ามาที่ Shopee เพื่อดูการอัพเดทของ {{user_name}} เลย! {{page_link}}",
        "subject": "Shopee Feed มีการอัพเดท"
      },
      "shopee-chat": {
        "share_text": "เข้ามาที่ Shopee เพื่อดูการอัพเดทของ {{user_name}} เลย! {{page_link}}"
      },
      "facebook": {
        "quote": "",
        "share_text": "",
        "description": "",
        "hashtag": "#shopeefeed"
      },
      "share_image": {
        "square_image": "",
        "rectangle_image": ""
      },
      "messenger": {
        "share_text": "เข้ามาที่ Shopee เพื่อดูการอัพเดทของ {{user_name}} เลย! {{page_link}}",
        "share_title": "",
        "share_url": "{{page_link}}",
        "description": ""
      },
      "whatsapp": {
        "share_text": "เข้ามาที่ Shopee เพื่อดูการอัพเดทของ {{user_name}} เลย! {{page_link}}"
      },
      "facebook-web": {
        "quote": "",
        "share_text": "",
        "description": "",
        "hashtag": "#shopeefeed"
      }
    },
    "tw": {
      "line": {
        "share_text": "快來看看{{user_name}}的最新消息！\n一起到蝦皮動態上看更多有趣的貼文吧！\n{{post_link}}"
      },
      "copy_link": {
        "share_text": "{{post_link}}"
      },
      "instagram": {
        "attribution_link": "{{post_link}}",
        "share_text": "快來看看{{user_name}}的最新消息！\n一起到蝦皮動態上看更多有趣的貼文吧！\n{{post_link}}"
      },
      "twitter": {
        "share_text": "快來看看{{user_name}}的最新消息！\n一起到蝦皮動態上看更多有趣的貼文吧！\n{{post_link}}\n#shopee #shopeefeed #shopeetw"
      },
      "copy_info": {
        "share_text": "快來看看{{user_name}}的最新消息！\n一起到蝦皮動態上看更多有趣的貼文吧！\n{{post_link}}"
      },
      "sms": {
        "share_text": "快來看看{{user_name}}的最新消息！\n一起到蝦皮動態上看更多有趣的貼文吧！\n{{post_link}}"
      },
      "email": {
        "body": "快來看看{{user_name}}的最新消息！\n一起到蝦皮動態上看更多有趣的貼文吧！\n{{post_link}}",
        "subject": "來自蝦皮動態的最新消息！"
      },
      "shopee-chat": {
        "share_text": "快來看看{{user_name}}的最新消息！\n一起到蝦皮動態上看更多有趣的貼文吧！\n{{post_link}}"
      },
      "facebook": {
        "quote": "",
        "share_text": "",
        "description": "",
        "hashtag": "#shopee"
      },
      "share_image": {
        "square_image": "",
        "rectangle_image": ""
      },
      "messenger": {
        "share_text": "快來看看{{user_name}}的最新消息！\n一起到蝦皮動態上看更多有趣的貼文吧！\n{{post_link}}",
        "share_title": "",
        "share_url": "{{post_link}}",
        "description": ""
      },
      "whatsapp": {
        "share_text": "快來看看{{user_name}}的最新消息！\n一起到蝦皮動態上看更多有趣的貼文吧！\n{{post_link}}"
      },
      "facebook-web": {
        "quote": "",
        "share_text": "",
        "description": "",
        "hashtag": "#shopee"
      }
    },
    "vn": {
      "line": {
        "share_text": "{{user_name}} ơi, Shopee Feed mới thú vị lắm. Vào xem ngay thôi! {{page_link}}"
      },
      "copy_link": {
        "share_text": "{{page_link}}"
      },
      "instagram": {
        "attribution_link": "",
        "share_text": "{{user_name}} ơi, Shopee Feed mới thú vị lắm. Vào xem ngay thôi! {{page_link}}"
      },
      "twitter": {
        "share_text": "{{user_name}} ơi, Shopee Feed mới thú vị lắm. Vào xem ngay thôi! {{page_link}}"
      },
      "copy_info": {
        "share_text": "{{user_name}} ơi, Shopee Feed mới thú vị lắm. Vào xem ngay thôi! {{page_link}}"
      },
      "sms": {
        "share_text": "{{user_name}} ơi, Shopee Feed mới thú vị lắm. Vào xem ngay thôi! {{page_link}}"
      },
      "email": {
        "body": "{{user_name}} ơi,\n\nBạn biết gì chưa? Shopee giờ có thêm Shopee Feed {{post_name}} {{post_link}}, cho phép bạn share nhiều hình ảnh đẹp của sản phẩm, quảng bá đến nhiều người hơn nên độ hot của sản phẩm cũng sẽ nhiều hơn đó. \nChọn {{page_link}} ngay nào! ",
        "subject": "Shopee Feed - hot hot bạn ơi ^^"
      },
      "shopee-chat": {
        "share_text": "{{user_name}} ơi, Shopee Feed mới thú vị lắm. Vào xem ngay thôi! {{page_link}}"
      },
      "facebook": {
        "quote": "",
        "share_text": "",
        "description": "",
        "hashtag": "#shopeefeed"
      },
      "share_image": {
        "square_image": "",
        "rectangle_image": ""
      },
      "messenger": {
        "share_text": "{{user_name}} ơi, Shopee Feed mới thú vị lắm. Vào xem ngay thôi! {{page_link}}",
        "share_title": "",
        "share_url": "{{page_link}}",
        "description": ""
      },
      "whatsapp": {
        "share_text": "{{user_name}} ơi, Shopee Feed mới thú vị lắm. Vào xem ngay thôi! {{page_link}}"
      },
      "facebook-web": {
        "quote": "",
        "share_text": "",
        "description": "",
        "hashtag": "#shopeefeed"
      }
    },
    "id": {
      "line": {
        "share_text": "Kunjungi toko saya di Shopee! {{user_name}}: {{page_link}}"
      },
      "copy_link": {
        "share_text": "{{page_link}}"
      },
      "instagram": {
        "attribution_link": "",
        "share_text": "Kunjungi toko saya di Shopee! {{user_name}}: {{page_link}}"
      },
      "twitter": {
        "share_text": "Kunjungi toko saya di Shopee! {{user_name}}: {{page_link}}"
      },
      "copy_info": {
        "share_text": "Kunjungi toko saya di Shopee! {{user_name}}: {{page_link}}"
      },
      "sms": {
        "share_text": "Kunjungi toko saya di Shopee! {{user_name}}: {{page_link}}"
      },
      "email": {
        "body": "Hi! Yuk, kunjungi toko saya {{post_name}} di Shopee sekarang juga dengan meng-klik {{page_link}}.",
        "subject": "Kunjungi toko saya di Shopee!"
      },
      "shopee-chat": {
        "share_text": "Kunjungi toko saya di Shopee! {{user_name}}: {{page_link}}"
      },
      "facebook": {
        "quote": "",
        "share_text": "Kunjungi toko ini di Shopee! Download aplikasinya sekarang juga",
        "description": "Hi! Yuk, kunjungi toko saya {{user_name}} di Shopee sekarang juga dengan meng-klik {{page_link}}.",
        "hashtag": ""
      },
      "share_image": {
        "square_image": "",
        "rectangle_image": ""
      },
      "messenger": {
        "share_text": "Kunjungi toko saya di Shopee! {{user_name}}: {{page_link}}",
        "share_title": "Kunjungi toko ini di Shopee! Download aplikasinya sekarang juga",
        "share_url": "{{post_link}}",
        "description": "Hi! Yuk, kunjungi toko saya {{user_name}} di Shopee sekarang juga dengan meng-klik {{page_link}}."
      },
      "whatsapp": {
        "share_text": "Kunjungi toko saya di Shopee! {{user_name}}: {{page_link}}"
      },
      "facebook-web": {
        "quote": "",
        "share_text": "Kunjungi toko ini di Shopee! Download aplikasinya sekarang juga",
        "description": "Hi! Yuk, kunjungi toko saya {{user_name}} di Shopee sekarang juga dengan meng-klik {{page_link}}.",
        "hashtag": ""
      }
    },
    "ph": {
      "line": {
        "share_text": ""
      },
      "copy_link": {
        "share_text": ""
      },
      "instagram": {
        "attribution_link": "",
        "share_text": ""
      },
      "twitter": {
        "share_text": ""
      },
      "copy_info": {
        "share_text": ""
      },
      "sms": {
        "share_text": ""
      },
      "email": {
        "body": "",
        "subject": ""
      },
      "shopee-chat": {
        "share_text": ""
      },
      "facebook": {
        "quote": "",
        "share_text": "",
        "description": "",
        "hashtag": ""
      },
      "share_image": {
        "square_image": "",
        "rectangle_image": ""
      },
      "messenger": {
        "share_text": "",
        "share_title": "",
        "share_url": "",
        "description": ""
      },
      "whatsapp": {
        "share_text": ""
      },
      "facebook-web": {
        "quote": "",
        "share_text": "",
        "description": "",
        "hashtag": ""
      }
    }
  },
  "uat": {
    "sg": {
      "line": {
        "share_text": ""
      },
      "copy_link": {
        "share_text": ""
      },
      "instagram": {
        "attribution_link": "",
        "share_text": ""
      },
      "twitter": {
        "share_text": ""
      },
      "copy_info": {
        "share_text": ""
      },
      "sms": {
        "share_text": ""
      },
      "email": {
        "body": "",
        "subject": ""
      },
      "shopee-chat": {
        "share_text": ""
      },
      "facebook": {
        "quote": "",
        "share_text": "",
        "description": "",
        "hashtag": ""
      },
      "share_image": {
        "square_image": "",
        "rectangle_image": ""
      },
      "messenger": {
        "share_text": "",
        "share_title": "",
        "share_url": "",
        "description": ""
      },
      "whatsapp": {
        "share_text": ""
      },
      "facebook-web": {
        "quote": "",
        "share_text": "",
        "description": "",
        "hashtag": ""
      }
    },
    "my": {
      "line": {
        "share_text": ""
      },
      "copy_link": {
        "share_text": ""
      },
      "instagram": {
        "attribution_link": "",
        "share_text": ""
      },
      "twitter": {
        "share_text": ""
      },
      "copy_info": {
        "share_text": ""
      },
      "sms": {
        "share_text": ""
      },
      "email": {
        "body": "",
        "subject": ""
      },
      "shopee-chat": {
        "share_text": ""
      },
      "facebook": {
        "quote": "",
        "share_text": "",
        "description": "",
        "hashtag": ""
      },
      "share_image": {
        "square_image": "",
        "rectangle_image": ""
      },
      "messenger": {
        "share_text": "",
        "share_title": "",
        "share_url": "",
        "description": ""
      },
      "whatsapp": {
        "share_text": ""
      },
      "facebook-web": {
        "quote": "",
        "share_text": "",
        "description": "",
        "hashtag": ""
      }
    },
    "th": {
      "line": {
        "share_text": "เข้ามาที่ Shopee เพื่อดูการอัพเดทของ {{user_name}} เลย! {{page_link}}"
      },
      "copy_link": {
        "share_text": "{{page_link}}"
      },
      "instagram": {
        "attribution_link": "",
        "share_text": "เข้ามาที่ Shopee เพื่อดูการอัพเดทของ {{user_name}} เลย! {{page_link}}"
      },
      "twitter": {
        "share_text": "เข้ามาที่ Shopee เพื่อดูการอัพเดทของ {{user_name}} เลย! {{page_link}}\n\n#shopeefeed"
      },
      "copy_info": {
        "share_text": "เข้ามาที่ Shopee เพื่อดูการอัพเดทของ {{user_name}} เลย! {{page_link}}"
      },
      "sms": {
        "share_text": "เข้ามาที่ Shopee เพื่อดูการอัพเดทของ {{user_name}} เลย! {{page_link}}"
      },
      "email": {
        "body": "เข้ามาที่ Shopee เพื่อดูการอัพเดทของ {{user_name}} เลย! {{page_link}}",
        "subject": "Shopee Feed มีการอัพเดท"
      },
      "shopee-chat": {
        "share_text": "เข้ามาที่ Shopee เพื่อดูการอัพเดทของ {{user_name}} เลย! {{page_link}}"
      },
      "facebook": {
        "quote": "",
        "share_text": "",
        "description": "",
        "hashtag": "#shopeefeed"
      },
      "share_image": {
        "square_image": "",
        "rectangle_image": ""
      },
      "messenger": {
        "share_text": "เข้ามาที่ Shopee เพื่อดูการอัพเดทของ {{user_name}} เลย! {{page_link}}",
        "share_title": "",
        "share_url": "{{page_link}}",
        "description": ""
      },
      "whatsapp": {
        "share_text": "เข้ามาที่ Shopee เพื่อดูการอัพเดทของ {{user_name}} เลย! {{page_link}}"
      },
      "facebook-web": {
        "quote": "",
        "share_text": "",
        "description": "",
        "hashtag": "#shopeefeed"
      }
    },
    "tw": {
      "line": {
        "share_text": "快來看看{{user_name}}的最新消息！\n一起到蝦皮動態上看更多有趣的貼文吧！\n{{post_link}}"
      },
      "copy_link": {
        "share_text": "{{post_link}}"
      },
      "instagram": {
        "attribution_link": "{{post_link}}",
        "share_text": "快來看看{{user_name}}的最新消息！\n一起到蝦皮動態上看更多有趣的貼文吧！\n{{post_link}}"
      },
      "twitter": {
        "share_text": "快來看看{{user_name}}的最新消息！\n一起到蝦皮動態上看更多有趣的貼文吧！\n{{post_link}}\n#shopee #shopeefeed #shopeetw"
      },
      "copy_info": {
        "share_text": "快來看看{{user_name}}的最新消息！\n一起到蝦皮動態上看更多有趣的貼文吧！\n{{post_link}}"
      },
      "sms": {
        "share_text": "快來看看{{user_name}}的最新消息！\n一起到蝦皮動態上看更多有趣的貼文吧！\n{{post_link}}"
      },
      "email": {
        "body": "快來看看{{user_name}}的最新消息！\n一起到蝦皮動態上看更多有趣的貼文吧！\n{{post_link}}",
        "subject": "來自蝦皮動態的最新消息！"
      },
      "shopee-chat": {
        "share_text": "快來看看{{user_name}}的最新消息！\n一起到蝦皮動態上看更多有趣的貼文吧！\n{{post_link}}"
      },
      "facebook": {
        "quote": "",
        "share_text": "",
        "description": "",
        "hashtag": "#shopee"
      },
      "share_image": {
        "square_image": "",
        "rectangle_image": ""
      },
      "messenger": {
        "share_text": "快來看看{{user_name}}的最新消息！\n一起到蝦皮動態上看更多有趣的貼文吧！\n{{post_link}}",
        "share_title": "",
        "share_url": "{{post_link}}",
        "description": ""
      },
      "whatsapp": {
        "share_text": "快來看看{{user_name}}的最新消息！\n一起到蝦皮動態上看更多有趣的貼文吧！\n{{post_link}}"
      },
      "facebook-web": {
        "quote": "",
        "share_text": "",
        "description": "",
        "hashtag": "#shopee"
      }
    },
    "vn": {
      "line": {
        "share_text": "{{user_name}} ơi, Shopee Feed mới thú vị lắm. Vào xem ngay thôi! {{page_link}}"
      },
      "copy_link": {
        "share_text": "{{page_link}}"
      },
      "instagram": {
        "attribution_link": "",
        "share_text": "{{user_name}} ơi, Shopee Feed mới thú vị lắm. Vào xem ngay thôi! {{page_link}}"
      },
      "twitter": {
        "share_text": "{{user_name}} ơi, Shopee Feed mới thú vị lắm. Vào xem ngay thôi! {{page_link}}"
      },
      "copy_info": {
        "share_text": "{{user_name}} ơi, Shopee Feed mới thú vị lắm. Vào xem ngay thôi! {{page_link}}"
      },
      "sms": {
        "share_text": "{{user_name}} ơi, Shopee Feed mới thú vị lắm. Vào xem ngay thôi! {{page_link}}"
      },
      "email": {
        "body": "{{user_name}} ơi,\n\nBạn biết gì chưa? Shopee giờ có thêm Shopee Feed {{post_name}} {{post_link}}, cho phép bạn share nhiều hình ảnh đẹp của sản phẩm, quảng bá đến nhiều người hơn nên độ hot của sản phẩm cũng sẽ nhiều hơn đó. \nChọn {{page_link}} ngay nào! ",
        "subject": "Shopee Feed - hot hot bạn ơi ^^"
      },
      "shopee-chat": {
        "share_text": "{{user_name}} ơi, Shopee Feed mới thú vị lắm. Vào xem ngay thôi! {{page_link}}"
      },
      "facebook": {
        "quote": "",
        "share_text": "",
        "description": "",
        "hashtag": "#shopeefeed"
      },
      "share_image": {
        "square_image": "",
        "rectangle_image": ""
      },
      "messenger": {
        "share_text": "{{user_name}} ơi, Shopee Feed mới thú vị lắm. Vào xem ngay thôi! {{page_link}}",
        "share_title": "",
        "share_url": "{{page_link}}",
        "description": ""
      },
      "whatsapp": {
        "share_text": "{{user_name}} ơi, Shopee Feed mới thú vị lắm. Vào xem ngay thôi! {{page_link}}"
      },
      "facebook-web": {
        "quote": "",
        "share_text": "",
        "description": "",
        "hashtag": "#shopeefeed"
      }
    },
    "id": {
      "line": {
        "share_text": "Kunjungi toko ini di Shopee! {{user_name}}: {{page_link}}"
      },
      "copy_link": {
        "share_text": "{{page_link}}"
      },
      "instagram": {
        "attribution_link": "",
        "share_text": "Kunjungi toko ini di Shopee! {{user_name}}: {{page_link}}"
      },
      "twitter": {
        "share_text": "Kunjungi toko ini di Shopee! {{user_name}}: {{page_link}} #shopeefeed"
      },
      "copy_info": {
        "share_text": "Kunjungi toko ini di Shopee! {{user_name}}: {{page_link}}"
      },
      "sms": {
        "share_text": "Kunjungi toko ini di Shopee! {{user_name}}: {{page_link}}"
      },
      "email": {
        "body": "Hi! Yuk, kunjungi toko ini {{post_name}} di Shopee sekarang juga dengan meng-klik  {{page_link}}.",
        "subject": "Kunjungi toko ini di Shopee!"
      },
      "shopee-chat": {
        "share_text": "Kunjungi toko ini di Shopee! {{user_name}}: {{page_link}}"
      },
      "facebook": {
        "quote": "",
        "share_text": "",
        "description": "",
        "hashtag": ""
      },
      "share_image": {
        "square_image": "",
        "rectangle_image": ""
      },
      "messenger": {
        "share_text": "Kunjungi toko ini di Shopee! {{user_name}}: {{page_link}}",
        "share_title": "",
        "share_url": "{{page_link}}",
        "description": ""
      },
      "whatsapp": {
        "share_text": "Kunjungi toko ini di Shopee! {{user_name}}: {{page_link}}"
      },
      "facebook-web": {
        "quote": "",
        "share_text": "",
        "description": "",
        "hashtag": ""
      }
    },
    "ph": {
      "line": {
        "share_text": ""
      },
      "copy_link": {
        "share_text": ""
      },
      "instagram": {
        "attribution_link": "",
        "share_text": ""
      },
      "twitter": {
        "share_text": ""
      },
      "copy_info": {
        "share_text": ""
      },
      "sms": {
        "share_text": ""
      },
      "email": {
        "body": "",
        "subject": ""
      },
      "shopee-chat": {
        "share_text": ""
      },
      "facebook": {
        "quote": "",
        "share_text": "",
        "description": "",
        "hashtag": ""
      },
      "share_image": {
        "square_image": "",
        "rectangle_image": ""
      },
      "messenger": {
        "share_text": "",
        "share_title": "",
        "share_url": "",
        "description": ""
      },
      "whatsapp": {
        "share_text": ""
      },
      "facebook-web": {
        "quote": "",
        "share_text": "",
        "description": "",
        "hashtag": ""
      }
    }
  },
  "live": {
    "sg": {
      "line": {
        "share_text": ""
      },
      "copy_link": {
        "share_text": ""
      },
      "instagram": {
        "attribution_link": "",
        "share_text": ""
      },
      "twitter": {
        "share_text": ""
      },
      "copy_info": {
        "share_text": ""
      },
      "sms": {
        "share_text": ""
      },
      "email": {
        "body": "",
        "subject": ""
      },
      "shopee-chat": {
        "share_text": ""
      },
      "facebook": {
        "quote": "",
        "share_text": "",
        "description": "",
        "hashtag": ""
      },
      "share_image": {
        "square_image": "",
        "rectangle_image": ""
      },
      "messenger": {
        "share_text": "",
        "share_title": "",
        "share_url": "",
        "description": ""
      },
      "whatsapp": {
        "share_text": ""
      },
      "facebook-web": {
        "quote": "",
        "share_text": "",
        "description": "",
        "hashtag": ""
      }
    },
    "my": {
      "line": {
        "share_text": ""
      },
      "copy_link": {
        "share_text": ""
      },
      "instagram": {
        "attribution_link": "",
        "share_text": ""
      },
      "twitter": {
        "share_text": ""
      },
      "copy_info": {
        "share_text": ""
      },
      "sms": {
        "share_text": ""
      },
      "email": {
        "body": "",
        "subject": ""
      },
      "shopee-chat": {
        "share_text": ""
      },
      "facebook": {
        "quote": "",
        "share_text": "",
        "description": "",
        "hashtag": ""
      },
      "share_image": {
        "square_image": "",
        "rectangle_image": ""
      },
      "messenger": {
        "share_text": "",
        "share_title": "",
        "share_url": "",
        "description": ""
      },
      "whatsapp": {
        "share_text": ""
      },
      "facebook-web": {
        "quote": "",
        "share_text": "",
        "description": "",
        "hashtag": ""
      }
    },
    "th": {
      "line": {
        "share_text": "เข้ามาที่ Shopee เพื่อดูการอัพเดตของ {{user_name}} เลย! {{page_link}}"
      },
      "copy_link": {
        "share_text": "{{page_link}}"
      },
      "instagram": {
        "attribution_link": "",
        "share_text": "เข้ามาที่ Shopee เพื่อดูการอัพเดตของ {{user_name}} เลย! {{page_link}}"
      },
      "twitter": {
        "share_text": "เข้ามาที่ Shopee เพื่อดูการอัพเดตของ {{user_name}} เลย! {{page_link}}\n\n#shopeefeed"
      },
      "copy_info": {
        "share_text": "เข้ามาที่ Shopee เพื่อดูการอัพเดตของ {{user_name}} เลย! {{page_link}}"
      },
      "sms": {
        "share_text": "เข้ามาที่ Shopee เพื่อดูการอัพเดตของ {{user_name}} เลย! {{page_link}}"
      },
      "email": {
        "body": "เข้ามาที่ Shopee เพื่อดูการอัพเดตของ {{user_name}} เลย! {{page_link}}",
        "subject": "Shopee Feed มีการอัพเดต"
      },
      "shopee-chat": {
        "share_text": "เข้ามาที่ Shopee เพื่อดูการอัพเดตของ {{user_name}} เลย! {{page_link}}"
      },
      "facebook": {
        "quote": "",
        "share_text": "",
        "description": "",
        "hashtag": "#shopeefeed"
      },
      "share_image": {
        "square_image": "",
        "rectangle_image": ""
      },
      "messenger": {
        "share_text": "เข้ามาที่ Shopee เพื่อดูการอัพเดตของ {{user_name}} เลย! {{page_link}}",
        "share_title": "",
        "share_url": "{{page_link}}",
        "description": ""
      },
      "whatsapp": {
        "share_text": "เข้ามาที่ Shopee เพื่อดูการอัพเดตของ {{user_name}} เลย! {{page_link}}"
      },
      "facebook-web": {
        "quote": "",
        "share_text": "",
        "description": "",
        "hashtag": "#shopeefeed"
      }
    },
    "tw": {
      "line": {
        "share_text": "快來看看{{user_name}}的最新消息！\n一起到蝦皮動態上看更多有趣的貼文吧！\n{{post_link}}"
      },
      "copy_link": {
        "share_text": "{{post_link}}"
      },
      "instagram": {
        "attribution_link": "{{post_link}}",
        "share_text": "快來看看{{user_name}}的最新消息！\n一起到蝦皮動態上看更多有趣的貼文吧！\n{{post_link}}"
      },
      "twitter": {
        "share_text": "快來看看{{user_name}}的最新消息！\n一起到蝦皮動態上看更多有趣的貼文吧！\n{{post_link}}\n#shopee #shopeefeed #shopeetw"
      },
      "copy_info": {
        "share_text": "快來看看{{user_name}}的最新消息！\n一起到蝦皮動態上看更多有趣的貼文吧！\n{{post_link}}"
      },
      "sms": {
        "share_text": "快來看看{{user_name}}的最新消息！\n一起到蝦皮動態上看更多有趣的貼文吧！\n{{post_link}}"
      },
      "email": {
        "body": "快來看看{{user_name}}的最新消息！\n一起到蝦皮動態上看更多有趣的貼文吧！\n{{post_link}}",
        "subject": "來自蝦皮動態的最新消息！"
      },
      "shopee-chat": {
        "share_text": "快來看看{{user_name}}的最新消息！\n一起到蝦皮動態上看更多有趣的貼文吧！\n{{post_link}}"
      },
      "facebook": {
        "quote": "",
        "share_text": "",
        "description": "",
        "hashtag": "#shopee"
      },
      "share_image": {
        "square_image": "",
        "rectangle_image": ""
      },
      "messenger": {
        "share_text": "快來看看{{user_name}}的最新消息！\n一起到蝦皮動態上看更多有趣的貼文吧！\n{{post_link}}",
        "share_title": "",
        "share_url": "{{post_link}}",
        "description": ""
      },
      "whatsapp": {
        "share_text": "快來看看{{user_name}}的最新消息！\n一起到蝦皮動態上看更多有趣的貼文吧！\n{{post_link}}"
      },
      "facebook-web": {
        "quote": "",
        "share_text": "",
        "description": "",
        "hashtag": "#shopee"
      }
    },
    "vn": {
      "line": {
        "share_text": "{{user_name}} ơi, Shopee Feed mới thú vị lắm. Vào xem ngay thôi! {{page_link}}"
      },
      "copy_link": {
        "share_text": "{{page_link}}"
      },
      "instagram": {
        "attribution_link": "",
        "share_text": "{{user_name}} ơi, Shopee Feed mới thú vị lắm. Vào xem ngay thôi! {{page_link}}"
      },
      "twitter": {
        "share_text": "{{user_name}} ơi, Shopee Feed mới thú vị lắm. Vào xem ngay thôi! {{page_link}}"
      },
      "copy_info": {
        "share_text": "{{user_name}} ơi, Shopee Feed mới thú vị lắm. Vào xem ngay thôi! {{page_link}}"
      },
      "sms": {
        "share_text": "{{user_name}} ơi, Shopee Feed mới thú vị lắm. Vào xem ngay thôi! {{page_link}}"
      },
      "email": {
        "body": "{{user_name}} ơi,\n\nBạn biết gì chưa? Shopee giờ có thêm Shopee Feed {{post_name}} {{post_link}}, cho phép bạn share nhiều hình ảnh đẹp của sản phẩm, quảng bá đến nhiều người hơn nên độ hot của sản phẩm cũng sẽ nhiều hơn đó. \nChọn {{page_link}} ngay nào!",
        "subject": "Shopee Feed - hot hot bạn ơi ^^"
      },
      "shopee-chat": {
        "share_text": "{{user_name}} ơi, Shopee Feed mới thú vị lắm. Vào xem ngay thôi! {{page_link}}"
      },
      "facebook": {
        "quote": "",
        "share_text": "",
        "description": "",
        "hashtag": "#shopeefeed"
      },
      "share_image": {
        "square_image": "",
        "rectangle_image": ""
      },
      "messenger": {
        "share_text": "{{user_name}} ơi, Shopee Feed mới thú vị lắm. Vào xem ngay thôi! {{page_link}}",
        "share_title": "",
        "share_url": "{{page_link}}",
        "description": ""
      },
      "whatsapp": {
        "share_text": "{{user_name}} ơi, Shopee Feed mới thú vị lắm. Vào xem ngay thôi! {{page_link}}"
      },
      "facebook-web": {
        "quote": "",
        "share_text": "",
        "description": "",
        "hashtag": "#shopeefeed"
      }
    },
    "id": {
      "line": {
        "share_text": "Kunjungi toko ini di Shopee! {{user_name}}: {{page_link}}"
      },
      "copy_link": {
        "share_text": "{{page_link}}"
      },
      "instagram": {
        "attribution_link": "",
        "share_text": "Kunjungi toko ini di Shopee! {{user_name}}: {{page_link}}"
      },
      "twitter": {
        "share_text": "Kunjungi toko ini di Shopee! {{user_name}}: {{page_link}} #shopeefeed"
      },
      "copy_info": {
        "share_text": "Kunjungi toko ini di Shopee! {{user_name}}: {{page_link}}"
      },
      "sms": {
        "share_text": "Kunjungi toko ini di Shopee! {{user_name}}: {{page_link}}"
      },
      "email": {
        "body": "Hi! Yuk, kunjungi toko ini {{post_name}} di Shopee sekarang juga dengan meng-klik  {{page_link}}.",
        "subject": "Kunjungi toko ini di Shopee!"
      },
      "shopee-chat": {
        "share_text": "Kunjungi toko ini di Shopee! {{user_name}}: {{page_link}}"
      },
      "facebook": {
        "quote": "",
        "share_text": "",
        "description": "",
        "hashtag": ""
      },
      "share_image": {
        "square_image": "",
        "rectangle_image": ""
      },
      "messenger": {
        "share_text": "Kunjungi toko ini di Shopee! {{user_name}}: {{page_link}}",
        "share_title": "",
        "share_url": "{{page_link}}",
        "description": ""
      },
      "whatsapp": {
        "share_text": "Kunjungi toko ini di Shopee! {{user_name}}: {{page_link}}"
      },
      "facebook-web": {
        "quote": "",
        "share_text": "",
        "description": "",
        "hashtag": ""
      }
    },
    "ph": {
      "line": {
        "share_text": ""
      },
      "copy_link": {
        "share_text": ""
      },
      "instagram": {
        "attribution_link": "",
        "share_text": ""
      },
      "twitter": {
        "share_text": ""
      },
      "copy_info": {
        "share_text": ""
      },
      "sms": {
        "share_text": ""
      },
      "email": {
        "body": "",
        "subject": ""
      },
      "shopee-chat": {
        "share_text": ""
      },
      "facebook": {
        "quote": "",
        "share_text": "",
        "description": "",
        "hashtag": ""
      },
      "share_image": {
        "square_image": "",
        "rectangle_image": ""
      },
      "messenger": {
        "share_text": "",
        "share_title": "",
        "share_url": "",
        "description": ""
      },
      "whatsapp": {
        "share_text": ""
      },
      "facebook-web": {
        "quote": "",
        "share_text": "",
        "description": "",
        "hashtag": ""
      }
    }
  }
}