{
  "test": {},
  "uat": {},
  "staging": {},
  "live": {
    "id": [
      {
        "shop": {
          "share_text": "Kunjungi toko saya di Shopee! {{shop_name}}: {{shop_link}}"
        },
        "feed": {
          "share_text": "Kunjungi toko ini di Shopee! {{user_name}}: {{page_link}}"
        },
        "product": {
          "share_text": "Saya menjual {{product_name}} seharga {{price}}. Ayo beli di Shopee! {{product_link}}"
        },
        "shopee_buddy": {
          "share_text": ""
        },
        "microsite": {
          "share_text": "Ayo, cek {{share_title}} sekarang! Jangan lewatkan penawaran terbaik cuma di Shopee! {{page_link}}"
        },
        "shop_other": {
          "share_text": "Kunjungi toko ini di Shopee! {{shop_name}}: {{shop_link}}"
        },
        "product_other": {
          "share_text": "Temukan {{product_name}} seharga {{price}}. Dapatkan sekarang juga di Shopee! {{product_link}}"
        },
        "product_discount_other": {
          "share_text": "Temukan {{product_name}} dengan potongan {{pct_off}}%! Hanya {{price_after}}. Dapatkan sekarang juga di Shopee! {{product_link}}"
        },
        "group_buy": {
          "share_text": "Gabung di Grup Hematku dan dapatkan diskon spesial! {{product_link}}"
        },
        "product_discount": {
          "share_text": "Saya menjual {{product_name}} dengan potongan {{pct_off}}%! Hanya {{price_after}}. Dapatkan sekarang juga di Shopee! {{product_link}}"
        },
        "slash_price": {
          "share_text": "Yuk bantu aku dapatkan harga termurah di Shopee {{product_link}} #shopeebantingharga"
        },
        "referral": {
          "share_text": "Dapatkan {{referral_reward}} untuk pembelian pertamamu dengan kode: {{referral_code}}. Yuk, download aplikasi Shopee sekarang dan nikmati belanja dengan gratis ongkir! {{page_link}}"
        },
        "id": "line"
      },
      {
        "shop": {
          "share_text": "{{shop_link}}"
        },
        "feed": {
          "share_text": "{{page_link}}"
        },
        "product": {
          "share_text": "{{product_link}}"
        },
        "shopee_buddy": {
          "share_text": ""
        },
        "microsite": {
          "share_text": "{{page_link}}"
        },
        "shop_other": {
          "share_text": "{{shop_link}}"
        },
        "product_other": {
          "share_text": "{{product_link}}"
        },
        "product_discount_other": {
          "share_text": "{{product_link}}"
        },
        "group_buy": {
          "share_text": "{{product_link}}"
        },
        "product_discount": {
          "share_text": "{{product_link}}"
        },
        "slash_price": {
          "share_text": "{{product_link}}"
        },
        "referral": {
          "share_text": "{{page_link}}"
        },
        "id": "copy_link"
      },
      {
        "shop": {
          "attribution_link": "",
          "share_text": "Kunjungi toko saya di Shopee! {{shop_name}}: {{shop_link}}"
        },
        "feed": {
          "attribution_link": "",
          "share_text": "Kunjungi toko ini di Shopee! {{user_name}}: {{page_link}}"
        },
        "product": {
          "attribution_link": "",
          "share_text": "Saya menjual {{product_name}} seharga {{price}}. Ayo beli di Shopee! {{product_link}}"
        },
        "shopee_buddy": {
          "attribution_link": "",
          "share_text": ""
        },
        "microsite": {
          "attribution_link": "",
          "share_text": "Ayo, cek {{share_title}} sekarang! Jangan lewatkan penawaran terbaik cuma di Shopee! {{page_link}}"
        },
        "shop_other": {
          "attribution_link": "",
          "share_text": "Kunjungi toko ini di Shopee! {{shop_name}}: {{shop_link}}"
        },
        "product_other": {
          "attribution_link": "",
          "share_text": "Temukan {{product_name}} seharga {{price}}. Dapatkan sekarang juga di Shopee! {{product_link}}"
        },
        "product_discount_other": {
          "attribution_link": "",
          "share_text": "Temukan {{product_name}} dengan potongan {{pct_off}}%! Hanya {{price_after}}. Dapatkan sekarang juga di Shopee! {{product_link}}"
        },
        "group_buy": {
          "attribution_link": "",
          "share_text": "Gabung di Grup Hematku dan dapatkan diskon spesial! {{product_link}}"
        },
        "product_discount": {
          "attribution_link": "",
          "share_text": "Saya menjual {{product_name}} dengan potongan {{pct_off}}%! Hanya {{price_after}}. Dapatkan sekarang juga di Shopee! {{product_link}}"
        },
        "slash_price": {
          "attribution_link": "",
          "share_text": "Yuk bantu aku dapatkan harga termurah di Shopee {{product_link}} #shopeebantingharga"
        },
        "referral": {
          "attribution_link": "",
          "share_text": "Dapatkan {{referral_reward}} untuk pembelian pertamamu dengan kode: {{referral_code}}. Yuk, download aplikasi Shopee sekarang dan nikmati belanja dengan gratis ongkir! {{page_link}}"
        },
        "id": "instagram"
      },
      {
        "shop": {
          "share_text": "Kunjungi toko saya di Shopee! {{shop_name}}: {{shop_link}} #ShopeeID"
        },
        "feed": {
          "share_text": "Kunjungi toko ini di Shopee! {{user_name}}: {{page_link}} #shopeefeed"
        },
        "product": {
          "share_text": "Saya menjual {{product_name}} seharga {{price}}. Dapatkan produk ini hanya di Shopee! {{product_link}} #ShopeeID"
        },
        "shopee_buddy": {
          "share_text": ""
        },
        "microsite": {
          "share_text": "Ayo, cek {{share_title}} sekarang! Jangan lewatkan penawaran terbaik cuma di Shopee! {{page_link}} #ShopeeID"
        },
        "shop_other": {
          "share_text": "Kunjungi toko ini di Shopee! {{shop_name}}: {{shop_link}} #ShopeeID"
        },
        "product_other": {
          "share_text": "Temukan dan dapatkan {{product_name}} hanya {{price}} di Shopee sekarang juga! {{product_link}} #ShopeeID\n"
        },
        "product_discount_other": {
          "share_text": "Temukan {{product_name}} dengan potongan {{pct_off}}%! Hanya {{price_after}}. Dapatkan segera di Shopee! {{product_link}} #ShopeeID"
        },
        "group_buy": {
          "share_text": "Gabung di Grup Hematku dan dapatkan diskon spesial! {{product_link}}"
        },
        "product_discount": {
          "share_text": "Saya menjual {{product_name}} dengan potongan {{pct_off}}%! Hanya {{price_after}}. Dapatkan segera di Shopee! {{product_link}} #ShopeeID"
        },
        "slash_price": {
          "share_text": "Yuk bantu aku dapatkan harga termurah di Shopee {{product_link}} #shopeebantingharga"
        },
        "referral": {
          "share_text": "Dapatkan {{referral_reward}} untuk pembelian pertamamu dengan kode: {{referral_code}}. Yuk, download aplikasi Shopee sekarang dan nikmati belanja dengan gratis ongkir! {{page_link}}"
        },
        "id": "twitter"
      },
      {
        "shop": {
          "share_text": "Kunjungi toko saya di Shopee! {{shop_name}}: {{shop_link}}"
        },
        "feed": {
          "share_text": "Kunjungi toko ini di Shopee! {{user_name}}: {{page_link}}"
        },
        "product": {
          "share_text": "Saya menjual {{product_name}} seharga {{price}}. Ayo beli di Shopee! {{product_link}}"
        },
        "shopee_buddy": {
          "share_text": ""
        },
        "microsite": {
          "share_text": "Ayo, cek {{share_title}} sekarang! Jangan lewatkan penawaran terbaik cuma di Shopee! {{page_link}}"
        },
        "shop_other": {
          "share_text": "Kunjungi toko ini di Shopee! {{shop_name}}: {{shop_link}}"
        },
        "product_other": {
          "share_text": "Temukan {{product_name}} seharga {{price}}. Dapatkan sekarang juga di Shopee! {{product_link}}"
        },
        "product_discount_other": {
          "share_text": "Temukan {{product_name}} dengan potongan {{pct_off}}%! Hanya {{price_after}}. Dapatkan sekarang juga di Shopee! {{product_link}}"
        },
        "group_buy": {
          "share_text": "Gabung di Grup Hematku dan dapatkan diskon spesial! {{product_link}}"
        },
        "product_discount": {
          "share_text": "Saya menjual {{product_name}} dengan potongan {{pct_off}}%! Hanya {{price_after}}. Dapatkan sekarang juga di Shopee! {{product_link}}"
        },
        "slash_price": {
          "share_text": "Yuk bantu aku dapatkan harga termurah di Shopee {{product_link}} #shopeebantingharga"
        },
        "referral": {
          "share_text": "Dapatkan {{referral_reward}} untuk pembelian pertamamu dengan kode: {{referral_code}}. Yuk, download aplikasi Shopee sekarang dan nikmati belanja dengan gratis ongkir! {{page_link}}"
        },
        "id": "copy_info"
      },
      {
        "shop": {
          "share_text": "Kunjungi toko saya di Shopee! {{shop_name}}: {{shop_link}}"
        },
        "feed": {
          "share_text": "Kunjungi toko ini di Shopee! {{user_name}}: {{page_link}}"
        },
        "product": {
          "share_text": "Saya menjual {{product_name}} seharga {{price}}. Ayo beli di Shopee! {{product_link}}"
        },
        "shopee_buddy": {
          "share_text": ""
        },
        "microsite": {
          "share_text": "Ayo, cek {{share_title}} sekarang! Jangan lewatkan penawaran terbaik cuma di Shopee! {{page_link}}"
        },
        "shop_other": {
          "share_text": "Kunjungi toko ini di Shopee! {{shop_name}}: {{shop_link}}"
        },
        "product_other": {
          "share_text": "Temukan {{product_name}} seharga {{price}}. Dapatkan sekarang juga di Shopee! {{product_link}}"
        },
        "product_discount_other": {
          "share_text": "Temukan {{product_name}} dengan potongan {{pct_off}}%! Hanya {{price_after}}. Dapatkan sekarang juga di Shopee! {{product_link}}"
        },
        "group_buy": {
          "share_text": "Gabung di Grup Hematku dan dapatkan diskon spesial! {{product_link}}"
        },
        "product_discount": {
          "share_text": "Saya menjual {{product_name}} dengan potongan {{pct_off}}%! Hanya {{price_after}}. Dapatkan sekarang juga di Shopee! {{product_link}}"
        },
        "slash_price": {
          "share_text": "Yuk bantu aku dapatkan harga termurah di Shopee {{product_link}} #shopeebantingharga"
        },
        "referral": {
          "share_text": "Dapatkan {{referral_reward}} untuk pembelian pertamamu dengan kode: {{referral_code}}. Yuk, download aplikasi Shopee sekarang dan nikmati belanja dengan gratis ongkir! {{page_link}}"
        },
        "id": "sms"
      },
      {
        "shop": {
          "body": "Hi! Yuk, kunjungi toko saya {{shop_name}} di Shopee sekarang juga dengan meng-klik {{shop_link}}.\n\nApa itu Shopee? Shopee adalah aplikasi pusat perbelanjaan untuk jual beli di ponsel kamu. Kini kamu bisa berbisnis dan berbelanja dengan mudah, cepat dan aman hanya melalui ponsel kamu. Download aplikasinya segera di: http://goo.gl/dExbFu",
          "subject": "Kunjungi toko saya di Shopee!"
        },
        "feed": {
          "body": "Hi! Yuk, kunjungi toko ini {{post_name}} di Shopee sekarang juga dengan meng-klik  {{page_link}}.",
          "subject": "Kunjungi toko ini di Shopee!"
        },
        "product": {
          "body": "Hi! Saya menjual {{product_name}} seharga {{price}}. Mau tahu lebih banyak? Cukup klik di {{product_link}}. Ayo buruan sebelum kehabisan!\n\nApa itu Shopee? Shopee adalah aplikasi pusat perbelanjaan baru untuk jual beli di ponsel kamu. Kini kamu bisa berbisnis dan berbelanja dengan mudah, cepat dan aman. Download aplikasinya segera di: http://goo.gl/dExbFu",
          "subject": "Saya menjual {{product_name}} di Shopee!"
        },
        "shopee_buddy": {
          "body": "",
          "subject": ""
        },
        "microsite": {
          "body": "Hi! \n\nLagi ada penawaran terbaik nih di Shopee! Yuk, cek sekarang, jangan sampai kelewatan! {{page_link}}\n\nSelamat berbelanja!",
          "subject": "Yuk, cek {{share_title}} di Shopee sekarang! {{page_link}}"
        },
        "shop_other": {
          "body": "Hi! Yuk kunjungi toko {{shop_name}} di Shopee! Klik sekarang juga di {{shop_link}}.\n\nApa itu Shopee? Shopee adalah aplikasi pusat perbelanjaan untuk jual beli di ponsel kamu. Kini kamu bisa berbisnis dan berbelanja dengan mudah, cepat dan aman hanya melalui ponsel kamu. Download aplikasinya segera di: http://goo.gl/dExbFu",
          "subject": "Kunjungi toko {{shop_name}} di Shopee!"
        },
        "product_other": {
          "body": "Hi! Ayo temukan {{product_name}} seharga {{price}} di Shopee hari ini! Kamu bisa tahu lebih banyak di {{product_link}}.\n\nApa itu Shopee? Shopee adalah aplikasi pusat perbelanjaan untuk jual beli di ponsel kamu. Kini kamu bisa berbisnis dan berbelanja dengan mudah, cepat dan aman. Download aplikasinya segera di: http://goo.gl/dExbFu",
          "subject": "Temukan {{product_name}} di Shopee"
        },
        "product_discount_other": {
          "body": "Hi! Saya menjual {{product_name}} dengan potongan {{pct_off}}%! Hanya {{price_after}}. Kamu bisa tahu lebih banyak di {{product_link}}!\n\nApa itu Shopee? Shopee adalah aplikasi pusat perbelanjaan untuk jual beli di ponsel kamu. Kini kamu bisa berbisnis dan berbelanja dengan mudah, cepat dan aman. Download aplikasinya segera di: http://goo.gl/dExbFu",
          "subject": "Temukan {{product_name}} dengan potongan {{pct_off}}% di Shopee"
        },
        "group_buy": {
          "body": "Hai, yuk gabung di Grup Hematku dan dapatkan diskon spesial di Shopee. {{product_link}}",
          "subject": "Temukan promosi Grup Hematku di Shopee!"
        },
        "product_discount": {
          "body": "Hi! Saya menjual {{product_name}} dengan potongan {{pct_off}}%! Hanya {{price_after}}. Kamu bisa tahu lebih banyak di {{product_link}}!\n\nApa itu Shopee? Shopee adalah aplikasi pusat perbelanjaan untuk jual beli di ponsel kamu. Kini kamu bisa berbisnis dan berbelanja dengan mudah, cepat dan aman. Download aplikasinya segera di: http://goo.gl/dExbFu",
          "subject": "Saya menjual {{product_name}} dengan potongan {{pct_off}}% di Shopee"
        },
        "slash_price": {
          "body": "Yuk bantu aku dapatkan harga termurah di Shopee {{product_link}}",
          "subject": "Promo Shopee Banting Harga"
        },
        "referral": {
          "body": "Hi!\n\nMau cari produk terlengkap dengan harga termurah? Beli semua di Shopee!\n\nDapatkan {{referral_reward}} untuk pembelian pertamamu dengan kode: {{referral_code}}. Yuk, download aplikasi Shopee sekarang dan nikmati belanja dengan gratis ongkir! {{page_link}}\n\nSelamat berbelanja!",
          "subject": "Diskon Untukmu dengan Kode ini! Plus, Makin Hemat dengan Gratis Ongkir!"
        },
        "id": "email"
      },
      {
        "shop": {
          "share_text": ""
        },
        "feed": {
          "share_text": "Kunjungi toko ini di Shopee! {{user_name}}: {{page_link}}"
        },
        "product": {
          "share_text": ""
        },
        "shopee_buddy": {
          "share_text": ""
        },
        "microsite": {
          "share_text": "Ayo, cek {{share_title}} sekarang! Jangan lewatkan penawaran terbaik cuma di Shopee! {{page_link}}"
        },
        "shop_other": {
          "share_text": ""
        },
        "product_other": {
          "share_text": ""
        },
        "product_discount_other": {
          "share_text": ""
        },
        "group_buy": {
          "share_text": "Gabung di Grup Hematku dan dapatkan diskon spesial! {{product_link}}"
        },
        "product_discount": {
          "share_text": ""
        },
        "slash_price": {
          "share_text": "Yuk bantu aku dapatkan harga termurah di Shopee {{product_link}} #shopeebantingharga"
        },
        "referral": {
          "share_text": ""
        },
        "id": "shopee-chat"
      },
      {
        "shop": {
          "quote": "",
          "share_text": "{{shop_name}}",
          "description": "Kunjungi toko ini di Shopee! Download aplikasinya sekarang juga: http://goo.gl/dExbFu ",
          "hashtag": ""
        },
        "feed": {
          "quote": "",
          "share_text": "",
          "description": "",
          "hashtag": ""
        },
        "product": {
          "quote": "",
          "share_text": "{{product_name}}",
          "description": "Dapatkan produk ini dengan {{price}} saja! Download aplikasinya sekarang juga: http://goo.gl/dExbFu",
          "hashtag": ""
        },
        "shopee_buddy": {
          "quote": "",
          "share_text": "",
          "description": "",
          "hashtag": ""
        },
        "microsite": {
          "quote": "",
          "share_text": "Yuk, cek {{share_title}} di Shopee sekarang!",
          "description": "",
          "hashtag": ""
        },
        "shop_other": {
          "quote": "",
          "share_text": "{{shop_name}}",
          "description": "Kunjungi toko ini di Shopee! Download aplikasinya sekarang juga: http://goo.gl/dExbFu \n",
          "hashtag": ""
        },
        "product_other": {
          "quote": "",
          "share_text": "{{product_name}}",
          "description": "Dapatkan produk ini dengan {{price}} saja! Download aplikasinya sekarang juga: http://goo.gl/dExbFu\n",
          "hashtag": ""
        },
        "product_discount_other": {
          "quote": "",
          "share_text": "{{product_name}}",
          "description": "Dapatkan produk ini dengan potongan {{pct_off}}%! Hanya {{price_after}}. Download aplikasinya sekarang juga: http://goo.gl/dExbFu",
          "hashtag": ""
        },
        "group_buy": {
          "quote": "",
          "share_text": "Gabung di Grup Hematku dan dapatkan diskon spesial! {{product_link}}",
          "description": "Hai, yuk gabung di Grup Hematku dan dapatkan diskon spesial di Shopee. {{product_link}}",
          "hashtag": ""
        },
        "product_discount": {
          "quote": "",
          "share_text": "{{product_name}}",
          "description": "Dapatkan produk ini dengan potongan {{pct_off}}%! Hanya {{price_after}}. Download aplikasinya sekarang juga: http://goo.gl/dExbFu",
          "hashtag": ""
        },
        "slash_price": {
          "quote": "",
          "share_text": "Yuk bantu aku dapatkan harga termurah di Shopee {{product_link}} #shopeebantingharga",
          "description": "Yuk bantu aku dapatkan harga termurah di Shopee {{product_link}} #shopeebantingharga",
          "hashtag": ""
        },
        "referral": {
          "quote": "",
          "share_text": "Dapatkan {{referral_reward}} untuk pembelian pertamamu dengan kode: {{referral_code}}. Yuk, download aplikasi Shopee sekarang dan nikmati belanja dengan gratis ongkir! {{page_link}}",
          "description": "",
          "hashtag": ""
        },
        "id": "facebook"
      },
      {
        "shop": {
          "square_image": "",
          "rectangle_image": ""
        },
        "feed": {
          "square_image": "",
          "rectangle_image": ""
        },
        "product": {
          "square_image": "0d247f75a47843a8756b9fe64c4be158",
          "rectangle_image": "d5512820340ee95a8ccb9f4603ca0002"
        },
        "shopee_buddy": {
          "square_image": "",
          "rectangle_image": ""
        },
        "microsite": {
          "square_image": "",
          "rectangle_image": ""
        },
        "shop_other": {
          "square_image": "",
          "rectangle_image": ""
        },
        "product_other": {
          "square_image": "0d247f75a47843a8756b9fe64c4be158",
          "rectangle_image": "d5512820340ee95a8ccb9f4603ca0002"
        },
        "product_discount_other": {
          "square_image": "0d247f75a47843a8756b9fe64c4be158",
          "rectangle_image": "d5512820340ee95a8ccb9f4603ca0002"
        },
        "group_buy": {
          "square_image": "",
          "rectangle_image": ""
        },
        "product_discount": {
          "square_image": "0d247f75a47843a8756b9fe64c4be158",
          "rectangle_image": "d5512820340ee95a8ccb9f4603ca0002"
        },
        "slash_price": {
          "square_image": "635c190551d00052b05f59f694aa6586",
          "rectangle_image": "1197a06ec01837dd33f9f243e772f2a4"
        },
        "referral": {
          "square_image": "",
          "rectangle_image": ""
        },
        "id": "share_image"
      },
      {
        "shop": {
          "share_text": "Kunjungi toko saya di Shopee! {{shop_name}}: {{shop_link}}",
          "share_title": "{{shop_name}}",
          "share_url": "{{shop_link}}",
          "description": "Kunjungi toko ini di Shopee! Download aplikasinya sekarang juga: http://goo.gl/dExbFu "
        },
        "feed": {
          "share_text": "Kunjungi toko ini di Shopee! {{user_name}}: {{page_link}}",
          "share_title": "",
          "share_url": "{{page_link}}",
          "description": ""
        },
        "product": {
          "share_text": "Saya menjual {{product_name}} seharga {{price}}. Ayo beli di Shopee! {{product_link}}",
          "share_title": "{{product_name}}",
          "share_url": "{{product_link}}",
          "description": "Dapatkan produk ini dengan {{price}} saja! Download aplikasinya sekarang juga: http://goo.gl/dExbFu"
        },
        "shopee_buddy": {
          "share_text": "",
          "share_title": "",
          "share_url": "",
          "description": ""
        },
        "microsite": {
          "share_text": "Ayo, cek {{share_title}} sekarang! Jangan lewatkan penawaran terbaik cuma di Shopee! {{page_link}}",
          "share_title": "Yuk, cek {{share_title}} di Shopee sekarang!",
          "share_url": "{{page_link}}",
          "description": ""
        },
        "shop_other": {
          "share_text": "Kunjungi toko ini di Shopee! {{shop_name}}: {{shop_link}}",
          "share_title": "{{shop_name}}",
          "share_url": "{{shop_link}}",
          "description": "Kunjungi toko ini di Shopee! Download aplikasinya sekarang juga: http://goo.gl/dExbFu \n"
        },
        "product_other": {
          "share_text": "Temukan {{product_name}} seharga {{price}}. Dapatkan sekarang juga di Shopee! {{product_link}}",
          "share_title": "{{product_name}}",
          "share_url": "{{product_link}}",
          "description": "Dapatkan produk ini dengan {{price}} saja! Download aplikasinya sekarang juga: http://goo.gl/dExbFu\n"
        },
        "product_discount_other": {
          "share_text": "Temukan {{product_name}} dengan potongan {{pct_off}}%! Hanya {{price_after}}. Dapatkan sekarang juga di Shopee! {{product_link}}",
          "share_title": "{{product_name}}",
          "share_url": "{{product_link}}",
          "description": "Dapatkan produk ini dengan potongan {{pct_off}}%! Hanya {{price_after}}. Download aplikasinya sekarang juga: http://goo.gl/dExbFu"
        },
        "group_buy": {
          "share_text": "Gabung di Grup Hematku dan dapatkan diskon spesial! {{product_link}}",
          "share_title": "Gabung di Grup Hematku dan dapatkan diskon spesial! {{product_link}}",
          "share_url": "{{product_link}}",
          "description": "Hai, yuk gabung di Grup Hematku dan dapatkan diskon spesial di Shopee. {{product_link}}"
        },
        "product_discount": {
          "share_text": "Saya menjual {{product_name}} dengan potongan {{pct_off}}%! Hanya {{price_after}}. Dapatkan sekarang juga di Shopee! {{product_link}}",
          "share_title": "{{product_name}}",
          "share_url": "{{product_link}}",
          "description": "Dapatkan produk ini dengan potongan {{pct_off}}%! Hanya {{price_after}}. Download aplikasinya sekarang juga: http://goo.gl/dExbFu"
        },
        "slash_price": {
          "share_text": "Yuk bantu aku dapatkan harga termurah di Shopee {{product_link}} #shopeebantingharga",
          "share_title": "Yuk bantu aku dapatkan harga termurah di Shopee {{product_link}} #shopeebantingharga",
          "share_url": "{{product_link}}",
          "description": "Yuk bantu aku dapatkan harga termurah di Shopee {{product_link}} #shopeebantingharga"
        },
        "referral": {
          "share_text": "Dapatkan {{referral_reward}} untuk pembelian pertamamu dengan kode: {{referral_code}}. Yuk, download aplikasi Shopee sekarang dan nikmati belanja dengan gratis ongkir! {{page_link}}",
          "share_title": "",
          "share_url": "",
          "description": ""
        },
        "id": "messenger"
      },
      {
        "shop": {
          "share_text": "Kunjungi toko saya di Shopee! {{shop_name}}: {{shop_link}}"
        },
        "feed": {
          "share_text": "Kunjungi toko ini di Shopee! {{user_name}}: {{page_link}}"
        },
        "product": {
          "share_text": "Saya menjual {{product_name}} seharga {{price}}. Ayo beli di Shopee! {{product_link}}"
        },
        "shopee_buddy": {
          "share_text": ""
        },
        "microsite": {
          "share_text": "Ayo, cek {{share_title}} sekarang! Jangan lewatkan penawaran terbaik cuma di Shopee! {{page_link}}"
        },
        "shop_other": {
          "share_text": "Kunjungi toko ini di Shopee! {{shop_name}}: {{shop_link}}"
        },
        "product_other": {
          "share_text": "Temukan {{product_name}} seharga {{price}}. Dapatkan sekarang juga di Shopee! {{product_link}}"
        },
        "product_discount_other": {
          "share_text": "Temukan {{product_name}} dengan potongan {{pct_off}}%! Hanya {{price_after}}. Dapatkan sekarang juga di Shopee! {{product_link}}"
        },
        "group_buy": {
          "share_text": "Gabung di Grup Hematku dan dapatkan diskon spesial! {{product_link}}"
        },
        "product_discount": {
          "share_text": "Saya menjual {{product_name}} dengan potongan {{pct_off}}%! Hanya {{price_after}}. Dapatkan sekarang juga di Shopee! {{product_link}}"
        },
        "slash_price": {
          "share_text": "Yuk bantu aku dapatkan harga termurah di Shopee {{product_link}} #shopeebantingharga"
        },
        "referral": {
          "share_text": "Dapatkan {{referral_reward}} untuk pembelian pertamamu dengan kode: {{referral_code}}. Yuk, download aplikasi Shopee sekarang dan nikmati belanja dengan gratis ongkir! {{page_link}}"
        },
        "id": "whatsapp"
      },
      {
        "shop": {
          "quote": "",
          "share_text": "{{shop_name}}",
          "description": "Kunjungi toko ini di Shopee! Download aplikasinya sekarang juga: http://goo.gl/dExbFu ",
          "hashtag": ""
        },
        "feed": {
          "quote": "",
          "share_text": "",
          "description": "",
          "hashtag": ""
        },
        "product": {
          "quote": "",
          "share_text": "{{product_name}}",
          "description": "Dapatkan produk ini dengan {{price}} saja! Download aplikasinya sekarang juga: http://goo.gl/dExbFu",
          "hashtag": ""
        },
        "shopee_buddy": {
          "quote": "",
          "share_text": "",
          "description": "",
          "hashtag": ""
        },
        "microsite": {
          "quote": "",
          "share_text": "Yuk, cek {{share_title}} di Shopee sekarang!",
          "description": "",
          "hashtag": ""
        },
        "shop_other": {
          "quote": "",
          "share_text": "{{shop_name}}",
          "description": "Kunjungi toko ini di Shopee! Download aplikasinya sekarang juga: http://goo.gl/dExbFu \n",
          "hashtag": ""
        },
        "product_other": {
          "quote": "",
          "share_text": "{{product_name}}",
          "description": "Dapatkan produk ini dengan {{price}} saja! Download aplikasinya sekarang juga: http://goo.gl/dExbFu\n",
          "hashtag": ""
        },
        "product_discount_other": {
          "quote": "",
          "share_text": "{{product_name}}",
          "description": "Dapatkan produk ini dengan potongan {{pct_off}}%! Hanya {{price_after}}. Download aplikasinya sekarang juga: http://goo.gl/dExbFu",
          "hashtag": ""
        },
        "group_buy": {
          "quote": "",
          "share_text": "Gabung di Grup Hematku dan dapatkan diskon spesial! {{product_link}}",
          "description": "Hai, yuk gabung di Grup Hematku dan dapatkan diskon spesial di Shopee. {{product_link}}",
          "hashtag": ""
        },
        "product_discount": {
          "quote": "",
          "share_text": "{{product_name}}",
          "description": "Dapatkan produk ini dengan potongan {{pct_off}}%! Hanya {{price_after}}. Download aplikasinya sekarang juga: http://goo.gl/dExbFu",
          "hashtag": ""
        },
        "slash_price": {
          "quote": "",
          "share_text": "Yuk bantu aku dapatkan harga termurah di Shopee {{product_link}} #shopeebantingharga",
          "description": "Yuk bantu aku dapatkan harga termurah di Shopee {{product_link}} #shopeebantingharga",
          "hashtag": ""
        },
        "referral": {
          "quote": "",
          "share_text": "",
          "description": "",
          "hashtag": ""
        },
        "id": "facebook-web"
      }
    ]
  }
}