{
  "test": {},
  "uat": {},
  "staging": {},
  "live": {
    "ph": [
      {
        "shop": {
          "share_text": "Check out my shop on Shopee! {{shop_name}}: {{shop_link}}"
        },
        "feed": {
          "share_text": ""
        },
        "product": {
          "share_text": "Selling {{product_name}} for {{price}}. Get it on Shopee now! {{product_link}} "
        },
        "shopee_buddy": {
          "share_text": ""
        },
        "microsite": {
          "share_text": "Check out {{share_title}} on Shopee! {{page_link}}"
        },
        "shop_other": {
          "share_text": "Check out this shop on Shopee! {{shop_name}}: {{shop_link}}"
        },
        "product_other": {
          "share_text": "Check out {{product_name}} for {{price}}. Get it on Shopee now! {{product_link}}"
        },
        "product_discount_other": {
          "share_text": "Check out {{product_name}} at {{pct_off}}% off! {{price_after}} only. Get it on Shopee now! {{product_link}}"
        },
        "group_buy": {
          "share_text": ""
        },
        "product_discount": {
          "share_text": "I'm selling {{product_name}} at {{pct_off}}% off! {{price_after}} only. Get it on Shopee now! {{product_link}}"
        },
        "slash_price": {
          "share_text": ""
        },
        "referral": {
          "share_text": "Use my referral code {{referral_code}} to get {{referral_reward}} off your first purchase! Download Shopee now and enjoy Free Shipping nationwide! {{page_link}}"
        },
        "id": "line"
      },
      {
        "shop": {
          "share_text": "{{shop_link}}"
        },
        "feed": {
          "share_text": ""
        },
        "product": {
          "share_text": "{{product_link}}"
        },
        "shopee_buddy": {
          "share_text": ""
        },
        "microsite": {
          "share_text": "{{page_link}}"
        },
        "shop_other": {
          "share_text": "{{shop_link}}"
        },
        "product_other": {
          "share_text": "{{product_link}}"
        },
        "product_discount_other": {
          "share_text": "{{product_link}}"
        },
        "group_buy": {
          "share_text": ""
        },
        "product_discount": {
          "share_text": "{{product_link}}"
        },
        "slash_price": {
          "share_text": ""
        },
        "referral": {
          "share_text": "{{page_link}}"
        },
        "id": "copy_link"
      },
      {
        "shop": {
          "attribution_link": "",
          "share_text": "Check out my shop on Shopee! {{shop_name}}: {{shop_link}}"
        },
        "feed": {
          "attribution_link": "",
          "share_text": ""
        },
        "product": {
          "attribution_link": "",
          "share_text": "Selling {{product_name}} for {{price}}. Get it on Shopee now! {{product_link}} "
        },
        "shopee_buddy": {
          "attribution_link": "",
          "share_text": ""
        },
        "microsite": {
          "attribution_link": "",
          "share_text": "Instagram doesn't support sharing of caption"
        },
        "shop_other": {
          "attribution_link": "",
          "share_text": "Check out this shop on Shopee! {{shop_name}}: {{shop_link}}"
        },
        "product_other": {
          "attribution_link": "",
          "share_text": "Check out {{product_name}} for {{price}}. Get it on Shopee now! {{product_link}}"
        },
        "product_discount_other": {
          "attribution_link": "",
          "share_text": "Check out {{product_name}} at {{pct_off}}% off! {{price_after}} only. Get it on Shopee now! {{product_link}}"
        },
        "group_buy": {
          "attribution_link": "",
          "share_text": ""
        },
        "product_discount": {
          "attribution_link": "",
          "share_text": "I'm selling {{product_name}} at {{pct_off}}% off! {{price_after}} only. Get it on Shopee now! {{product_link}}"
        },
        "slash_price": {
          "attribution_link": "",
          "share_text": ""
        },
        "referral": {
          "attribution_link": "",
          "share_text": "Use my referral code {{referral_code}} to get {{referral_reward}} off your first purchase! Download Shopee now and enjoy Free Shipping nationwide! {{page_link}}\n\n@Shopee_PH #shopee  #instashop #instagrammers #mobileshopping #saleph #bazaarph #android #iphone #onlineshopph #shopeePH"
        },
        "id": "instagram"
      },
      {
        "shop": {
          "share_text": "Check out my shop on Shopee! {{shop_name}}: {{shop_link}} #ShopeePH"
        },
        "feed": {
          "share_text": ""
        },
        "product": {
          "share_text": "I'm selling {{product_name}} for {{price}}. Get it on Shopee now! {{product_link}} #ShopeePH"
        },
        "shopee_buddy": {
          "share_text": ""
        },
        "microsite": {
          "share_text": "Check out {{share_title}} on Shopee! {{page_link}}"
        },
        "shop_other": {
          "share_text": "Check out this shop on Shopee! {{shop_name}}: {{shop_link}} #ShopeePH"
        },
        "product_other": {
          "share_text": "Check out {{product_name}} for {{price}}. Get it on Shopee now! #ShopeePH"
        },
        "product_discount_other": {
          "share_text": "Check out {{product_name}} at {{pct_off}}% off! {{price_after}} only. Get it on Shopee now! {{product_link}}#ShopeePH"
        },
        "group_buy": {
          "share_text": ""
        },
        "product_discount": {
          "share_text": "I'm selling {{product_name}} at {{pct_off}}% off! {{price_after}} only. Get it on Shopee now! {{product_link}}#ShopeePH"
        },
        "slash_price": {
          "share_text": ""
        },
        "referral": {
          "share_text": "Use my referral code {{referral_code}} to get {{referral_reward}} off your first purchase! Download Shopee now and enjoy Free Shipping nationwide! {{page_link}}"
        },
        "id": "twitter"
      },
      {
        "shop": {
          "share_text": "Check out my shop on Shopee! {{shop_name}}: {{shop_link}}"
        },
        "feed": {
          "share_text": ""
        },
        "product": {
          "share_text": "Selling {{product_name}} for {{price}}. Get it on Shopee now! {{product_link}} "
        },
        "shopee_buddy": {
          "share_text": ""
        },
        "microsite": {
          "share_text": "Check out {{share_title}} on Shopee! {{page_link}}"
        },
        "shop_other": {
          "share_text": "Check out this shop on Shopee! {{shop_name}}: {{shop_link}}"
        },
        "product_other": {
          "share_text": "Check out {{product_name}} for {{price}}. Get it on Shopee now! {{product_link}}"
        },
        "product_discount_other": {
          "share_text": "Check out {{product_name}} at {{pct_off}}% off! {{price_after}} only. Get it on Shopee now! {{product_link}}"
        },
        "group_buy": {
          "share_text": ""
        },
        "product_discount": {
          "share_text": "I'm selling {{product_name}} at {{pct_off}}% off! {{price_after}} only. Get it on Shopee now! {{product_link}}"
        },
        "slash_price": {
          "share_text": ""
        },
        "referral": {
          "share_text": "Use my referral code {{referral_code}} to get {{referral_reward}} off your first purchase! Download Shopee now and enjoy Free Shipping nationwide! {{page_link}}"
        },
        "id": "copy_info"
      },
      {
        "shop": {
          "share_text": "Check out my shop on Shopee! {{shop_name}}: {{shop_link}}"
        },
        "feed": {
          "share_text": ""
        },
        "product": {
          "share_text": "Selling {{product_name}} for {{price}}. Get it on Shopee now! {{product_link}} "
        },
        "shopee_buddy": {
          "share_text": ""
        },
        "microsite": {
          "share_text": "Check out {{share_title}} on Shopee! {{page_link}}"
        },
        "shop_other": {
          "share_text": "Check out this shop on Shopee! {{shop_name}}: {{shop_link}}"
        },
        "product_other": {
          "share_text": "Check out {{product_name}} for {{price}}. Get it on Shopee now! {{product_link}}"
        },
        "product_discount_other": {
          "share_text": "Check out {{product_name}} at {{pct_off}}% off! {{price_after}} only. Get it on Shopee now! {{product_link}}"
        },
        "group_buy": {
          "share_text": ""
        },
        "product_discount": {
          "share_text": "I'm selling {{product_name}} at {{pct_off}}% off! {{price_after}} only. Get it on Shopee now! {{product_link}}"
        },
        "slash_price": {
          "share_text": ""
        },
        "referral": {
          "share_text": "Use my referral code {{referral_code}} to get {{referral_reward}} off your first purchase! Download Shopee now and enjoy Free Shipping nationwide! {{page_link}}"
        },
        "id": "sms"
      },
      {
        "shop": {
          "body": "Hey there, I'd like to invite you to check out my shop {{shop_name}} on Shopee! Visit now at {{shop_link}}\n\nNot sure what Shopee is? It's a new mobile marketplace where one can buy and sell on mobile easily! Download the app: http://goo.gl/qmhhw3",
          "subject": "Check out my shop on Shopee!"
        },
        "feed": {
          "body": "",
          "subject": ""
        },
        "product": {
          "body": "Hey there, I'm selling {{product_name}} for {{price}} . You can find out more at {{product_link}} !\nNot sure what Shopee is? It's a new mobile marketplace where one can buy and sell on mobile easily! Download the app : http://goo.gl/qmhhw3",
          "subject": "Selling {{product_name}} on Shopee now!"
        },
        "shopee_buddy": {
          "body": "",
          "subject": ""
        },
        "microsite": {
          "body": "Hi there! Found this interesting on Shopee and thought you might like it! {{page_link}}\n\nHappy shopping!",
          "subject": "Check out {{share_title}} on Shopee!"
        },
        "shop_other": {
          "body": "Hey there, c'mon and check out this shop {{shop_name}} on Shopee! Visit now at {{shop_link}}\n\nNot sure what Shopee is? It's a new mobile marketplace where one can buy and sell on mobile easily! \nDownload the app: http://goo.gl/qmhhw3",
          "subject": "Check out this shop {{shop_name}} on Shopee!"
        },
        "product_other": {
          "body": "Hey there, c'mon and check out {{product_name}} for {{price}} on Shopee today! You can find out more at {{product_link}}.\n\nNot sure what Shopee is? It's a new mobile marketplace where one can buy and sell on mobile easily! Download the app : http://goo.gl/qmhhw3",
          "subject": "Check out {{product_name}} on Shopee!"
        },
        "product_discount_other": {
          "body": "Hey there, come and check out {{product_name}} at {{pct_off}}% off! {{price_after}} only. You can find out more at {{product_link}}.\n \nNot sure what Shopee is? It's a new mobile marketplace where one can buy and sell on mobile easily! Download the app:  http://goo.gl/qmhhw3",
          "subject": "Check out {{product_name}} at {{pct_off}}% off on Shopee"
        },
        "group_buy": {
          "body": "",
          "subject": ""
        },
        "product_discount": {
          "body": "Hey there, I'm selling {{product_name}} at {{pct_off}}% off! {{price_after}} only. You can find out more at {{product_link}}!\nNot sure what Shopee is? It's a new mobile marketplace where one can buy and sell on mobile easily! Download the app: http://goo.gl/qmhhw3",
          "subject": "I'm selling {{product_name}} at {{pct_off}}% off on Shopee"
        },
        "slash_price": {
          "body": "",
          "subject": ""
        },
        "referral": {
          "body": "Hey there, I have been using Shopee for a while and think you will like it as much as I do.\n\nGet {{referral_reward}} off your first purchase using my code {{referral_code}}.\nDownload Shopee now and enjoy Free Shipping nationwide! {{page_link}}\n\nHappy shopping!",
          "subject": "Here's a Gift: Use my Referral Code to get a Discount on Shopee!"
        },
        "id": "email"
      },
      {
        "shop": {
          "share_text": ""
        },
        "feed": {
          "share_text": ""
        },
        "product": {
          "share_text": ""
        },
        "shopee_buddy": {
          "share_text": ""
        },
        "microsite": {
          "share_text": ""
        },
        "shop_other": {
          "share_text": ""
        },
        "product_other": {
          "share_text": ""
        },
        "product_discount_other": {
          "share_text": ""
        },
        "group_buy": {
          "share_text": ""
        },
        "product_discount": {
          "share_text": ""
        },
        "slash_price": {
          "share_text": ""
        },
        "referral": {
          "share_text": ""
        },
        "id": "shopee-chat"
      },
      {
        "shop": {
          "quote": "",
          "share_text": "{{shop_name}}",
          "description": "Check out this shop on Shopee! Download the app now: http://goo.gl/qmhhw3 ",
          "hashtag": ""
        },
        "feed": {
          "quote": "",
          "share_text": "",
          "description": "",
          "hashtag": ""
        },
        "product": {
          "quote": "",
          "share_text": "{{product_name}}",
          "description": "Check this out for {{price}} on Shopee! Download the app now: http://goo.gl/qmhhw3 ",
          "hashtag": ""
        },
        "shopee_buddy": {
          "quote": "",
          "share_text": "",
          "description": "",
          "hashtag": ""
        },
        "microsite": {
          "quote": "",
          "share_text": "Check out {{share_title}} on Shopee! {{page_link}} ",
          "description": "",
          "hashtag": ""
        },
        "shop_other": {
          "quote": "",
          "share_text": "{{shop_name}}",
          "description": "Check out this shop on Shopee! Download the app now: http://goo.gl/qmhhw3 ",
          "hashtag": ""
        },
        "product_other": {
          "quote": "",
          "share_text": "{{product_name}}",
          "description": "Check this out for {{price}} on Shopee! Download the app now: http://goo.gl/qmhhw3 ",
          "hashtag": ""
        },
        "product_discount_other": {
          "quote": "",
          "share_text": "{{product_name}}",
          "description": "Check this out at {{pct_off}}% off! {{price_after}} only. Download Shopee app now:  http://goo.gl/qmhhw3 ",
          "hashtag": ""
        },
        "group_buy": {
          "quote": "",
          "share_text": "",
          "description": "",
          "hashtag": ""
        },
        "product_discount": {
          "quote": "",
          "share_text": "{{product_name}}",
          "description": "Check this out at {{pct_off}}% off! {{price_after}} only. Download Shopee app now:  http://goo.gl/qmhhw3 ",
          "hashtag": ""
        },
        "slash_price": {
          "quote": "",
          "share_text": "",
          "description": "",
          "hashtag": ""
        },
        "referral": {
          "quote": "",
          "share_text": "Use my referral code {{referral_code}} to get {{referral_reward}} off your first purchase! Download Shopee now and enjoy Free Shipping nationwide! {{page_link}}",
          "description": "",
          "hashtag": ""
        },
        "id": "facebook"
      },
      {
        "shop": {
          "square_image": "",
          "rectangle_image": ""
        },
        "feed": {
          "square_image": "",
          "rectangle_image": ""
        },
        "product": {
          "square_image": "0d247f75a47843a8756b9fe64c4be158",
          "rectangle_image": "d5512820340ee95a8ccb9f4603ca0002"
        },
        "shopee_buddy": {
          "square_image": "",
          "rectangle_image": ""
        },
        "microsite": {
          "square_image": "",
          "rectangle_image": ""
        },
        "shop_other": {
          "square_image": "",
          "rectangle_image": ""
        },
        "product_other": {
          "square_image": "0d247f75a47843a8756b9fe64c4be158",
          "rectangle_image": "d5512820340ee95a8ccb9f4603ca0002"
        },
        "product_discount_other": {
          "square_image": "0d247f75a47843a8756b9fe64c4be158",
          "rectangle_image": "d5512820340ee95a8ccb9f4603ca0002"
        },
        "group_buy": {
          "square_image": "",
          "rectangle_image": ""
        },
        "product_discount": {
          "square_image": "0d247f75a47843a8756b9fe64c4be158",
          "rectangle_image": "d5512820340ee95a8ccb9f4603ca0002"
        },
        "slash_price": {
          "square_image": "",
          "rectangle_image": ""
        },
        "referral": {
          "square_image": "",
          "rectangle_image": ""
        },
        "id": "share_image"
      },
      {
        "shop": {
          "share_text": "Check out my shop on Shopee! {{shop_name}}: {{shop_link}}",
          "share_title": "{{shop_name}}",
          "share_url": "{{shop_link}}",
          "description": "Check out this shop on Shopee! Download the app now: http://goo.gl/qmhhw3 "
        },
        "feed": {
          "share_text": "",
          "share_title": "",
          "share_url": "",
          "description": ""
        },
        "product": {
          "share_text": "Selling {{product_name}} for {{price}}. Get it on Shopee now! {{product_link}} ",
          "share_title": "{{product_name}}",
          "share_url": "{{product_link}}",
          "description": "Check this out for {{price}} on Shopee! Download the app now: http://goo.gl/qmhhw3 "
        },
        "shopee_buddy": {
          "share_text": "",
          "share_title": "",
          "share_url": "",
          "description": ""
        },
        "microsite": {
          "share_text": "Check out {{share_title}} on Shopee! {{page_link}}",
          "share_title": "",
          "share_url": "",
          "description": ""
        },
        "shop_other": {
          "share_text": "Check out this shop on Shopee! {{shop_name}}: {{shop_link}}",
          "share_title": "{{shop_name}}",
          "share_url": "{{shop_link}}",
          "description": "Check out this shop on Shopee! Download the app now: http://goo.gl/qmhhw3 "
        },
        "product_other": {
          "share_text": "Check out {{product_name}} for {{price}}. Get it on Shopee now! {{product_link}}",
          "share_title": "{{product_name}}",
          "share_url": "{{product_link}}",
          "description": "Check this out for {{price}} on Shopee! Download the app now: http://goo.gl/qmhhw3 "
        },
        "product_discount_other": {
          "share_text": "Check out {{product_name}} at {{pct_off}}% off! {{price_after}} only. Get it on Shopee now! {{product_link}}",
          "share_title": "{{product_name}}",
          "share_url": "{{product_link}}",
          "description": "Check this out at {{pct_off}}% off! {{price_after}} only. Download Shopee app now:  http://goo.gl/qmhhw3 "
        },
        "group_buy": {
          "share_text": "",
          "share_title": "",
          "share_url": "",
          "description": ""
        },
        "product_discount": {
          "share_text": "I'm selling {{product_name}} at {{pct_off}}% off! {{price_after}} only. Get it on Shopee now! {{product_link}}",
          "share_title": "{{product_name}}",
          "share_url": "{{product_link}}",
          "description": "Check this out at {{pct_off}}% off! {{price_after}} only. Download Shopee app now:  http://goo.gl/qmhhw3 "
        },
        "slash_price": {
          "share_text": "",
          "share_title": "",
          "share_url": "",
          "description": ""
        },
        "referral": {
          "share_text": "Use my referral code {{referral_code}} to get {{referral_reward}} off your first purchase! Download Shopee now and enjoy Free Shipping nationwide! {{page_link}}",
          "share_title": "",
          "share_url": "",
          "description": ""
        },
        "id": "messenger"
      },
      {
        "shop": {
          "share_text": "Check out my shop on Shopee! {{shop_name}}: {{shop_link}}"
        },
        "feed": {
          "share_text": ""
        },
        "product": {
          "share_text": "Selling {{product_name}} for {{price}}. Get it on Shopee now! {{product_link}} "
        },
        "shopee_buddy": {
          "share_text": ""
        },
        "microsite": {
          "share_text": "Check out {{share_title}} on Shopee! {{page_link}}"
        },
        "shop_other": {
          "share_text": "Check out this shop on Shopee! {{shop_name}}: {{shop_link}}"
        },
        "product_other": {
          "share_text": "Check out {{product_name}} for {{price}}. Get it on Shopee now! {{product_link}}"
        },
        "product_discount_other": {
          "share_text": "Check out {{product_name}} at {{pct_off}}% off! {{price_after}} only. Get it on Shopee now! {{product_link}}"
        },
        "group_buy": {
          "share_text": ""
        },
        "product_discount": {
          "share_text": "I'm selling {{product_name}} at {{pct_off}}% off! {{price_after}} only. Get it on Shopee now! {{product_link}}"
        },
        "slash_price": {
          "share_text": ""
        },
        "referral": {
          "share_text": "Use my referral code {{referral_code}} to get {{referral_reward}} off your first purchase! Download Shopee now and enjoy Free Shipping nationwide! {{page_link}}"
        },
        "id": "whatsapp"
      },
      {
        "shop": {
          "quote": "",
          "share_text": "{{shop_name}}",
          "description": "Check out this shop on Shopee! Download the app now: http://goo.gl/qmhhw3 ",
          "hashtag": ""
        },
        "feed": {
          "quote": "",
          "share_text": "",
          "description": "",
          "hashtag": ""
        },
        "product": {
          "quote": "",
          "share_text": "{{product_name}}",
          "description": "Check this out for {{price}} on Shopee! Download the app now: http://goo.gl/qmhhw3 ",
          "hashtag": ""
        },
        "shopee_buddy": {
          "quote": "",
          "share_text": "",
          "description": "",
          "hashtag": ""
        },
        "microsite": {
          "quote": "",
          "share_text": "",
          "description": "",
          "hashtag": ""
        },
        "shop_other": {
          "quote": "",
          "share_text": "{{shop_name}}",
          "description": "Check out this shop on Shopee! Download the app now: http://goo.gl/qmhhw3 ",
          "hashtag": ""
        },
        "product_other": {
          "quote": "",
          "share_text": "{{product_name}}",
          "description": "Check this out for {{price}} on Shopee! Download the app now: http://goo.gl/qmhhw3 ",
          "hashtag": ""
        },
        "product_discount_other": {
          "quote": "",
          "share_text": "{{product_name}}",
          "description": "Check this out at {{pct_off}}% off! {{price_after}} only. Download Shopee app now:  http://goo.gl/qmhhw3 ",
          "hashtag": ""
        },
        "group_buy": {
          "quote": "",
          "share_text": "",
          "description": "",
          "hashtag": ""
        },
        "product_discount": {
          "quote": "",
          "share_text": "{{product_name}}",
          "description": "Check this out at {{pct_off}}% off! {{price_after}} only. Download Shopee app now:  http://goo.gl/qmhhw3 ",
          "hashtag": ""
        },
        "slash_price": {
          "quote": "",
          "share_text": "",
          "description": "",
          "hashtag": ""
        },
        "referral": {
          "quote": "",
          "share_text": "",
          "description": "",
          "hashtag": ""
        },
        "id": "facebook-web"
      }
    ]
  }
}