{
  "test": {},
  "uat": {},
  "staging": {},
  "live": {
    "th": [
      {
        "shop": {
          "share_text": "ลองเข้ามาดูร้านค้าออนไลน์ของฉันใน Shopee! {{shop_name}}: {{shop_link}}"
        },
        "feed": {
          "share_text": "เข้ามาที่ Shopee เพื่อดูการอัพเดตของ {{user_name}} เลย! {{page_link}}"
        },
        "product": {
          "share_text": "ขาย {{product_name}} ในราคา {{price}} ซื้อได้ในแอป Shopee ตอนนี้เลย! {{product_link}} "
        },
        "shopee_buddy": {
          "share_text": "ร้านนี้มีโค้ดส่วนลดสำหรับลูกค้าใหม่ เพียงเข้ามาช้อปครั้งเเรกบน Shopee ลดไปเลย 80 บาท ช้อปเลย!!{{page_link}}"
        },
        "microsite": {
          "share_text": "เข้ามาดู {{share_title}} ใน Shopee {{page_link}} "
        },
        "shop_other": {
          "share_text": "ลองเข้ามาดูร้านค้าออนไลน์ร้านนี้ใน Shopee! {{shop_name}}: {{shop_link}}"
        },
        "product_other": {
          "share_text": "ลองเข้ามาดูสินค้า {{product_name}} ขายในราคา {{price}} ซื้อได้ในแอป Shopee ตอนนี้เลย! {{product_link}}"
        },
        "product_discount_other": {
          "share_text": "ลองเข้ามาดูสินค้า {{product_name}} ลดราคา {{pct_off}}% เหลือ {{price_after}} เท่านั้น! ซื้อได้ในแอป Shopee ตอนนี้เลย! {{product_link}}"
        },
        "group_buy": {
          "share_text": ""
        },
        "product_discount": {
          "share_text": "ขาย {{product_name}} ลดราคา {{pct_off}}% เหลือ {{price_after}} เท่านั้น! ซื้อได้ในแอป Shopee ตอนนี้เลย! {{product_link}}"
        },
        "slash_price": {
          "share_text": ""
        },
        "referral": {
          "share_text": "ช้อปกับ Shopee นี่สะดวกมากเลย! ลองใช้โค้ดส่วนลด {{referral_code}} เพื่อรับส่วนลด {{referral_reward}} สำหรับการสั่งซื้อครั้งแรก ดาวน์โหลดแอปเพื่อรับสิทธิ์ส่งฟรีและโปรโมชั่นอื่นๆอีกมากมาย ไปโหลดเลย! {{page_link}}"
        },
        "id": "line"
      },
      {
        "shop": {
          "share_text": "{{shop_link}}"
        },
        "feed": {
          "share_text": "{{page_link}}"
        },
        "product": {
          "share_text": "{{product_link}}"
        },
        "shopee_buddy": {
          "share_text": "{{page_link}}"
        },
        "microsite": {
          "share_text": "{{page_link}}"
        },
        "shop_other": {
          "share_text": "{{shop_link}}"
        },
        "product_other": {
          "share_text": "{{product_link}}"
        },
        "product_discount_other": {
          "share_text": "{{product_link}}"
        },
        "group_buy": {
          "share_text": ""
        },
        "product_discount": {
          "share_text": "{{product_link}}"
        },
        "slash_price": {
          "share_text": ""
        },
        "referral": {
          "share_text": "{{page_link}}"
        },
        "id": "copy_link"
      },
      {
        "shop": {
          "attribution_link": "",
          "share_text": "ลองเข้ามาดูร้านค้าออนไลน์ของฉันใน Shopee! {{shop_name}}: {{shop_link}}"
        },
        "feed": {
          "attribution_link": "",
          "share_text": "เข้ามาที่ Shopee เพื่อดูการอัพเดตของ {{user_name}} เลย! {{page_link}}"
        },
        "product": {
          "attribution_link": "",
          "share_text": "ขาย {{product_name}} ในราคา {{price}} ซื้อได้ในแอป Shopee ตอนนี้เลย! {{product_link}} "
        },
        "shopee_buddy": {
          "attribution_link": "{{page_link}}",
          "share_text": "ร้านนี้มีโค้ดส่วนลดสำหรับลูกค้าใหม่ เพียงเข้ามาช้อปครั้งเเรกบน Shopee ลดไปเลย 80 บาท ช้อปเลย!!{{page_link}}"
        },
        "microsite": {
          "attribution_link": "",
          "share_text": "-"
        },
        "shop_other": {
          "attribution_link": "",
          "share_text": "ลองเข้ามาดูร้านค้าออนไลน์ร้านนี้ใน Shopee! {{shop_name}}: {{shop_link}}"
        },
        "product_other": {
          "attribution_link": "",
          "share_text": "ลองเข้ามาดูสินค้า {{product_name}} ขายในราคา {{price}} ซื้อได้ในแอป Shopee ตอนนี้เลย! {{product_link}}"
        },
        "product_discount_other": {
          "attribution_link": "",
          "share_text": "ลองเข้ามาดูสินค้า {{product_name}} ลดราคา {{pct_off}}% เหลือ {{price_after}} เท่านั้น! ซื้อได้ในแอป Shopee ตอนนี้เลย! {{product_link}}"
        },
        "group_buy": {
          "attribution_link": "",
          "share_text": ""
        },
        "product_discount": {
          "attribution_link": "",
          "share_text": "ขาย {{product_name}} ลดราคา {{pct_off}}% เหลือ {{price_after}} เท่านั้น! ซื้อได้ในแอป Shopee ตอนนี้เลย! {{product_link}}"
        },
        "slash_price": {
          "attribution_link": "",
          "share_text": ""
        },
        "referral": {
          "attribution_link": "",
          "share_text": "ช้อปกับ Shopee นี่สะดวกมากเลย! ลองใช้โค้ดส่วนลด {{referral_code}} เพื่อรับส่วนลด {{referral_reward}} สำหรับการสั่งซื้อครั้งแรก  ดาวน์โหลดแอปเพื่อรับสิทธิ์ส่งฟรีและโปรโมชั่นอื่นๆอีกมากมาย ไปโหลดเลย! {{page_link}}"
        },
        "id": "instagram"
      },
      {
        "shop": {
          "share_text": "ลองเข้ามาดูร้านค้าออนไลน์ของฉันใน Shopee! {{shop_name}}: {{shop_link}} #ShopeeTH"
        },
        "feed": {
          "share_text": "เข้ามาที่ Shopee เพื่อดูการอัพเดตของ {{user_name}} เลย! {{page_link}}\n\n#shopeefeed"
        },
        "product": {
          "share_text": "ขาย {{product_name}} ในราคา {{price}} ใน #ShopeeTH ตอนนี้! {{product_link}}"
        },
        "shopee_buddy": {
          "share_text": "ร้านนี้มีโค้ดส่วนลดสำหรับลูกค้าใหม่ เพียงเข้ามาช้อปครั้งเเรกบน Shopee ลดไปเลย 80 บาท ช้อปเลย!!{{page_link}}"
        },
        "microsite": {
          "share_text": "เข้ามาดู {{share_title}} ใน Shopee {{page_link}} "
        },
        "shop_other": {
          "share_text": "ลองเข้ามาดูร้านค้าออนไลน์ร้านนี้ใน Shopee! {{shop_name}}: {{shop_link}} #ShopeeTH"
        },
        "product_other": {
          "share_text": "ลองเข้ามาดูสินค้า {{product_name}} ขายในราคา {{price}} ซื้อได้ในแอป Shopee ตอนนี้เลย! {{product_link}}  #ShopeeTH"
        },
        "product_discount_other": {
          "share_text": "ลองเข้ามาดูสินค้า {{product_name}} ลดราคา {{pct_off}}% เหลือ {{price_after}} เท่านั้น! ซื้อได้ในแอป Shopee ตอนนี้เลย! {{product_link}}"
        },
        "group_buy": {
          "share_text": ""
        },
        "product_discount": {
          "share_text": "ขาย {{product_name}} ลดราคา {{pct_off}}% เหลือ {{price_after}} เท่านั้น! ซื้อได้ใน Shopee ตอนนี้เลย!{{product_link}}"
        },
        "slash_price": {
          "share_text": ""
        },
        "referral": {
          "share_text": "ช้อปกับ Shopee นี่สะดวกมากเลย! ลองใช้โค้ดส่วนลด {{referral_code}} เพื่อรับส่วนลด {{referral_reward}} สำหรับการสั่งซื้อครั้งแรก  ดาวน์โหลดแอปเพื่อรับสิทธิ์ส่งฟรีและโปรโมชั่นอื่นๆอีกมากมาย ไปโหลดเลย! {{page_link}} \n\n#ShopeeTH #shopwithShopee #Shopeediscount"
        },
        "id": "twitter"
      },
      {
        "shop": {
          "share_text": "ลองเข้ามาดูร้านค้าออนไลน์ของฉันใน Shopee! {{shop_name}}: {{shop_link}}"
        },
        "feed": {
          "share_text": "เข้ามาที่ Shopee เพื่อดูการอัพเดตของ {{user_name}} เลย! {{page_link}}"
        },
        "product": {
          "share_text": "ขาย {{product_name}} ในราคา {{price}} ซื้อได้ในแอป Shopee ตอนนี้เลย! {{product_link}} "
        },
        "shopee_buddy": {
          "share_text": "ร้านนี้มีโค้ดส่วนลดสำหรับลูกค้าใหม่ เพียงเข้ามาช้อปครั้งเเรกบน Shopee ลดไปเลย 80 บาท ช้อปเลย!!{{page_link}}"
        },
        "microsite": {
          "share_text": "เข้ามาดู {{share_title}} ใน Shopee {{page_link}} "
        },
        "shop_other": {
          "share_text": "ลองเข้ามาดูร้านค้าออนไลน์ร้านนี้ใน Shopee! {{shop_name}}: {{shop_link}}"
        },
        "product_other": {
          "share_text": "ลองเข้ามาดูสินค้า {{product_name}} ขายในราคา {{price}} ซื้อได้ในแอป Shopee ตอนนี้เลย! {{product_link}}"
        },
        "product_discount_other": {
          "share_text": "ลองเข้ามาดูสินค้า {{product_name}} ลดราคา {{pct_off}}% เหลือ {{price_after}} เท่านั้น! ซื้อได้ในแอป Shopee ตอนนี้เลย! {{product_link}}"
        },
        "group_buy": {
          "share_text": ""
        },
        "product_discount": {
          "share_text": "ขาย {{product_name}} ลดราคา {{pct_off}}% เหลือ {{price_after}} เท่านั้น! ซื้อได้ในแอป Shopee ตอนนี้เลย! {{product_link}}"
        },
        "slash_price": {
          "share_text": ""
        },
        "referral": {
          "share_text": "ช้อปผ่าน Shopee สุดยอดไปเลย! รับโค้ดส่วนลดของฉัน {{referral_code}} ไปใช้เพื่อส่วนลด {{referral_reward}} สำหรับการสั่งซื้อครั้งแรก! ดาวน์โหลดแอปเพื่อรับสิทธิ์ส่งฟรีและโปรโมชั่นอื่นๆอีกมากมาย ไปโหลดเลย! {{page_link}}\n"
        },
        "id": "copy_info"
      },
      {
        "shop": {
          "share_text": "ลองเข้ามาดูร้านค้าออนไลน์ของฉันใน Shopee! {{shop_name}}: {{shop_link}}"
        },
        "feed": {
          "share_text": "เข้ามาที่ Shopee เพื่อดูการอัพเดตของ {{user_name}} เลย! {{page_link}}"
        },
        "product": {
          "share_text": "ขาย {{product_name}} ในราคา {{price}} ซื้อได้ในแอป Shopee ตอนนี้เลย! {{product_link}} "
        },
        "shopee_buddy": {
          "share_text": "ร้านนี้มีโค้ดส่วนลดสำหรับลูกค้าใหม่ เพียงเข้ามาช้อปครั้งเเรกบน Shopee ลดไปเลย 80 บาท ช้อปเลย!!{{page_link}}"
        },
        "microsite": {
          "share_text": "เข้ามาดู {{share_title}} ใน Shopee {{page_link}} "
        },
        "shop_other": {
          "share_text": "ลองเข้ามาดูร้านค้าออนไลน์ร้านนี้ใน Shopee! {{shop_name}}: {{shop_link}}"
        },
        "product_other": {
          "share_text": "ลองเข้ามาดูสินค้า {{product_name}} ขายในราคา {{price}} ซื้อได้ในแอป Shopee ตอนนี้เลย! {{product_link}}"
        },
        "product_discount_other": {
          "share_text": "ลองเข้ามาดูสินค้า {{product_name}} ลดราคา {{pct_off}}% เหลือ {{price_after}} เท่านั้น! ซื้อได้ในแอป Shopee ตอนนี้เลย! {{product_link}}"
        },
        "group_buy": {
          "share_text": ""
        },
        "product_discount": {
          "share_text": "ขาย {{product_name}} ลดราคา {{pct_off}}% เหลือ {{price_after}} เท่านั้น! ซื้อได้ในแอป Shopee ตอนนี้เลย! {{product_link}}"
        },
        "slash_price": {
          "share_text": ""
        },
        "referral": {
          "share_text": "ช้อปกับ Shopee นี่สะดวกมากเลย! ลองใช้โค้ดส่วนลด {{referral_code}} เพื่อรับส่วนลด {{referral_reward}} สำหรับการสั่งซื้อครั้งแรก ดาวน์โหลดแอปเพื่อรับสิทธิ์ส่งฟรีและโปรโมชั่นอื่นๆอีกมากมาย ไปโหลดเลย! {{page_link}}"
        },
        "id": "sms"
      },
      {
        "shop": {
          "body": "สวัสดี อยากให้คุณลองมาดูร้านค้าออนไลน์ของฉัน {{shop_name}} ใน Shopee! เข้าไปดูร้านได้ที่ {{shop_link}} \n\nยังไม่รู้จัก Shopee ใช่มั้ย? Shopee เป็นตลาดออนไลน์ ที่คุณสามารถเป็นทั้งผู้ซื้อและผู้ขายได้อย่างง่ายดาย! ดาวน์โหลดเลยตอนนี้: http://goo.gl/RSLPA9",
          "subject": "มาดูร้านค้าของฉันใน Shopee!"
        },
        "feed": {
          "body": "เข้ามาที่ Shopee เพื่อดูการอัพเดตของ {{user_name}} เลย! {{page_link}}",
          "subject": "Shopee Feed มีการอัพเดต"
        },
        "product": {
          "body": "สวัสดี ฉันกำลังขาย {{product_name}} ในราคา {{price}} คุณสามารถเข้ามาดูเพิ่มเติมได้ใน {{product_link}}\n\nยังไม่รู้จัก Shopee ใช่มั้ย? Shopee เป็นตลาดออนไลน์ ที่คุณสามารถเป็นทั้งผู้ซื้อและผู้ขายได้อย่างง่ายดาย! ดาวน์โหลดเลยตอนนี้: http://goo.gl/RSLPA9",
          "subject": "ขาย {{product_name}} ใน Shopee ตอนนี้ "
        },
        "shopee_buddy": {
          "body": "ร้านนี้มีโค้ดส่วนลดสำหรับลูกค้าใหม่ เพียงเข้ามาช้อปครั้งเเรกบน Shopee ลดไปเลย 80 บาท ช้อปเลย!!{{page_link}}",
          "subject": "แจกฟรี !! โค้ด Shopee Buddyสำหรับลูกค้าใหม่ มูลค่า 80 บาท"
        },
        "microsite": {
          "body": "สวัสดี! ตอนนี้มีดีลน่าช้อปอยู่ใน Shopee ดีลดีจนอดไม่ไหวต้องรีบบอกต่อ! รีบไปช้อปเลย! {{page_link}}\n\nEnjoy Shopping :)",
          "subject": "เข้ามาดู {{share_title}} ใน Shopee เลย!"
        },
        "shop_other": {
          "body": "สวัสดี อยากให้คุณลองมาดูร้านค้าออนไลน์ {{shop_name}} ใน Shopee! เข้าไปดูร้านได้ที่ {{shop_link}}  \n\nยังไม่รู้จัก Shopee ใช่มั้ย? Shopee เป็นตลาดออนไลน์ ที่คุณสามารถเป็นทั้งผู้ซื้อและผู้ขายได้อย่างง่ายดาย! ดาวน์โหลดเลยตอนนี้: http://goo.gl/RSLPA9",
          "subject": "มาดูร้านค้านี้ {{shop_name}} ใน Shopee!"
        },
        "product_other": {
          "body": "สวัสดี อยากให้คุณลองมาดูสินค้า {{product_name}} ขายในราคา {{price}} ใน Shopee! สามารถมาดูเพิ่มเติมได้ที่ {{product_link}} \n\nยังไม่รู้จัก Shopee ใช่มั้ย? Shopee เป็นตลาดออนไลน์ ที่คุณสามารถเป็นทั้งผู้ซื้อและผู้ขายได้อย่างง่ายดาย! ดาวน์โหลดเลยตอนนี้: http://goo.gl/RSLPA9",
          "subject": "มาดูสินค้า {{product_name}} ใน Shopee"
        },
        "product_discount_other": {
          "body": "สวัสดี อยากให้คุณลองมาดูสินค้า {{product_name}} ลดราคา {{pct_off}}% เหลือ {{price_after}} เท่านั้น! ใน Shopee! สามารถมาดูเพิ่มเติมได้ที่ {{product_link}} \n\nยังไม่รู้จัก Shopee ใช่มั้ย? Shopee เป็นตลาดออนไลน์ ที่คุณสามารถเป็นทั้งผู้ซื้อและผู้ขายได้อย่างง่ายดาย! ดาวน์โหลดเลยตอนนี้: http://goo.gl/RSLPA9",
          "subject": "มาดูสินค้า {{product_name}} ลดราคา {{pct_off}}% ใน Shopee"
        },
        "group_buy": {
          "body": "",
          "subject": ""
        },
        "product_discount": {
          "body": "สวัสดี ฉันกำลังขาย {{product_name}} ลดราคา {{pct_off}}% เหลือ {{price_after}} เท่านั้น! คุณสามารถเข้ามาดูเพิ่มเติมได้ใน {{product_link}}\n\nยังไม่รู้จัก Shopee ใช่มั้ย? Shopee เป็นตลาดออนไลน์ ที่คุณสามารถเป็นทั้งผู้ซื้อและผู้ขายได้อย่างง่ายดาย! ดาวน์โหลดเลยตอนนี้: http://goo.gl/RSLPA9",
          "subject": "มาดูสินค้าของฉัน {{product_name}} ลดราคา {{pct_off}}% ใน Shopee "
        },
        "slash_price": {
          "body": "",
          "subject": ""
        },
        "referral": {
          "body": "สวัสดี! นี่ลองช้อปผ่านแอป Shopee มาได้สักพักแล้ว คิดว่าเธอต้อง \nชอบเหมือนกันแน่ๆ \n\nลองใช้โค้ดส่วนลด {{referral_code}} เพื่อรับส่วนลด {{referral_reward}} สำหรับการสั่งซื้อครั้งแรกดูนะ \n\nดาวน์โหลดแอปเพื่อรับสิทธิ์ส่งฟรีและโปรโมชั่นอื่นๆอีกมากมาย ดาวน์โหลดแอป{{page_link}}แล้วไปช้อปกันเลย! ",
          "subject": "รับไปเลย โค้ดส่วนลดสำหรับใช้ช้อปผ่าน Shopee!"
        },
        "id": "email"
      },
      {
        "shop": {
          "share_text": ""
        },
        "feed": {
          "share_text": "เข้ามาที่ Shopee เพื่อดูการอัพเดตของ {{user_name}} เลย! {{page_link}}"
        },
        "product": {
          "share_text": ""
        },
        "shopee_buddy": {
          "share_text": "ร้านนี้มีโค้ดส่วนลดสำหรับลูกค้าใหม่ เพียงเข้ามาช้อปครั้งเเรกบน Shopee ลดไปเลย 80 บาท ช้อปเลย!!{{page_link}}"
        },
        "microsite": {
          "share_text": ""
        },
        "shop_other": {
          "share_text": ""
        },
        "product_other": {
          "share_text": ""
        },
        "product_discount_other": {
          "share_text": ""
        },
        "group_buy": {
          "share_text": ""
        },
        "product_discount": {
          "share_text": ""
        },
        "slash_price": {
          "share_text": ""
        },
        "referral": {
          "share_text": ""
        },
        "id": "shopee-chat"
      },
      {
        "shop": {
          "quote": "",
          "share_text": "{{shop_name}}",
          "description": "ลองเข้ามาดูร้านค้าออนไลน์ร้านนี้ใน Shopee! ดาวน์โหลดแอปเลยตอนนี้ที่: http://goo.gl/RSLPA9 \n",
          "hashtag": ""
        },
        "feed": {
          "quote": "",
          "share_text": "",
          "description": "",
          "hashtag": "#shopeefeed"
        },
        "product": {
          "quote": "",
          "share_text": "{{product_name}}",
          "description": "เข้ามาดูสินค้านี้ในราคา {{price}} ใน Shopee! ดาวน์โหลดแอปเลยตอนนี้ที่: http://goo.gl/RSLPA9  ",
          "hashtag": ""
        },
        "shopee_buddy": {
          "quote": "ร้านนี้มีโค้ดส่วนลดสำหรับลูกค้าใหม่ เพียงเข้ามาช้อปครั้งเเรกบน Shopee ลดไปเลย 80 บาท ช้อปเลย!!{{page_link}}",
          "share_text": "แจกฟรี !! โค้ด Shopee Buddyสำหรับลูกค้าใหม่ มูลค่า 80 บาท ช้อปเลย {{page_link}}",
          "description": "ร้านนี้มีโค้ดส่วนลดสำหรับลูกค้าใหม่ เพียงเข้ามาช้อปครั้งเเรกบน Shopee ลดไปเลย 80 บาท ช้อปเลย!!{{page_link}}",
          "hashtag": "#ShopeeBuddy"
        },
        "microsite": {
          "quote": "",
          "share_text": "เข้ามาดู {{share_title}} ใน Shopee {{page_link}} ",
          "description": "",
          "hashtag": ""
        },
        "shop_other": {
          "quote": "",
          "share_text": "{{shop_name}}",
          "description": "ลองเข้ามาดูร้านค้าออนไลน์ร้านนี้ใน Shopee! ดาวน์โหลดแอปเลยตอนนี้ที่: http://goo.gl/RSLPA9 \n",
          "hashtag": ""
        },
        "product_other": {
          "quote": "",
          "share_text": "{{product_name}}",
          "description": "เข้ามาดูสินค้านี้ในราคา {{price}} ใน Shopee! ดาวน์โหลดแอปเลยตอนนี้ที่: http://goo.gl/RSLPA9  ",
          "hashtag": ""
        },
        "product_discount_other": {
          "quote": "",
          "share_text": "{{product_name}}",
          "description": "เข้ามาดูสินค้านี้กำลังลด {{pct_off}}% เหลือ {{price_after}} เท่านั้น! ใน Shopee! ดาวน์โหลดแอปเลยตอนนี้ที่: http://goo.gl/RSLPA9  ",
          "hashtag": ""
        },
        "group_buy": {
          "quote": "",
          "share_text": "",
          "description": "",
          "hashtag": ""
        },
        "product_discount": {
          "quote": "",
          "share_text": "{{product_name}}",
          "description": "เข้ามาดูสินค้านี้กำลังลด {{pct_off}}% เหลือ {{price_after}} เท่านั้น! ใน Shopee! ดาวน์โหลดแอปเลยตอนนี้ที่: http://goo.gl/RSLPA9  ",
          "hashtag": ""
        },
        "slash_price": {
          "quote": "",
          "share_text": "",
          "description": "",
          "hashtag": ""
        },
        "referral": {
          "quote": "",
          "share_text": "ช้อปกับ Shopee นี่สะดวกมากเลย! ลองใช้โค้ดส่วนลด {{referral_code}} เพื่อรับส่วนลด {{referral_reward}} สำหรับการสั่งซื้อครั้งแรก  ดาวน์โหลดแอปเพื่อรับสิทธิ์ส่งฟรีและโปรโมชั่นอื่นๆอีกมากมาย ไปโหลดเลย! {{page_link}}",
          "description": "",
          "hashtag": ""
        },
        "id": "facebook"
      },
      {
        "shop": {
          "square_image": "",
          "rectangle_image": ""
        },
        "feed": {
          "square_image": "",
          "rectangle_image": ""
        },
        "product": {
          "square_image": "0d247f75a47843a8756b9fe64c4be158",
          "rectangle_image": "d5512820340ee95a8ccb9f4603ca0002"
        },
        "shopee_buddy": {
          "square_image": "",
          "rectangle_image": ""
        },
        "microsite": {
          "square_image": "",
          "rectangle_image": ""
        },
        "shop_other": {
          "square_image": "",
          "rectangle_image": ""
        },
        "product_other": {
          "square_image": "0d247f75a47843a8756b9fe64c4be158",
          "rectangle_image": "d5512820340ee95a8ccb9f4603ca0002"
        },
        "product_discount_other": {
          "square_image": "0d247f75a47843a8756b9fe64c4be158",
          "rectangle_image": "d5512820340ee95a8ccb9f4603ca0002"
        },
        "group_buy": {
          "square_image": "",
          "rectangle_image": ""
        },
        "product_discount": {
          "square_image": "0d247f75a47843a8756b9fe64c4be158",
          "rectangle_image": "d5512820340ee95a8ccb9f4603ca0002"
        },
        "slash_price": {
          "square_image": "",
          "rectangle_image": ""
        },
        "referral": {
          "square_image": "",
          "rectangle_image": ""
        },
        "id": "share_image"
      },
      {
        "shop": {
          "share_text": "ลองเข้ามาดูร้านค้าออนไลน์ของฉันใน Shopee! {{shop_name}}: {{shop_link}}",
          "share_title": "{{shop_name}}",
          "share_url": "{{shop_link}}",
          "description": "ลองเข้ามาดูร้านค้าออนไลน์ร้านนี้ใน Shopee! ดาวน์โหลดแอปเลยตอนนี้ที่: http://goo.gl/RSLPA9 \n"
        },
        "feed": {
          "share_text": "เข้ามาที่ Shopee เพื่อดูการอัพเดตของ {{user_name}} เลย! {{page_link}}",
          "share_title": "",
          "share_url": "{{page_link}}",
          "description": ""
        },
        "product": {
          "share_text": "ขาย {{product_name}} ในราคา {{price}} ซื้อได้ในแอป Shopee ตอนนี้เลย! {{product_link}} ",
          "share_title": "{{product_name}}",
          "share_url": "{{product_link}}",
          "description": "เข้ามาดูสินค้านี้ในราคา {{price}} ใน Shopee! ดาวน์โหลดแอปเลยตอนนี้ที่: http://goo.gl/RSLPA9  "
        },
        "shopee_buddy": {
          "share_text": "ร้านนี้มีโค้ดส่วนลดสำหรับลูกค้าใหม่ เพียงเข้ามาช้อปครั้งเเรกบน Shopee ลดไปเลย 80 บาท ช้อปเลย!!{{page_link}}",
          "share_title": "แจกฟรี !! โค้ด Shopee Buddyสำหรับลูกค้าใหม่ มูลค่า 80 บาท ช้อปเลย {{page_link}}",
          "share_url": "{{page_link}}",
          "description": "ร้านนี้มีโค้ดส่วนลดสำหรับลูกค้าใหม่ เพียงเข้ามาช้อปครั้งเเรกบน Shopee ลดไปเลย 80 บาท ช้อปเลย!!{{page_link}}"
        },
        "microsite": {
          "share_text": "เข้ามาดู {{share_title}} ใน Shopee {{page_link}} ",
          "share_title": "",
          "share_url": "",
          "description": ""
        },
        "shop_other": {
          "share_text": "ลองเข้ามาดูร้านค้าออนไลน์ร้านนี้ใน Shopee! {{shop_name}}: {{shop_link}}",
          "share_title": "{{shop_name}}",
          "share_url": "{{shop_link}}",
          "description": "ลองเข้ามาดูร้านค้าออนไลน์ร้านนี้ใน Shopee! ดาวน์โหลดแอปเลยตอนนี้ที่: http://goo.gl/RSLPA9 \n"
        },
        "product_other": {
          "share_text": "ลองเข้ามาดูสินค้า {{product_name}} ขายในราคา {{price}} ซื้อได้ในแอป Shopee ตอนนี้เลย! {{product_link}}",
          "share_title": "{{product_name}}",
          "share_url": "{{product_link}}",
          "description": "เข้ามาดูสินค้านี้ในราคา {{price}} ใน Shopee! ดาวน์โหลดแอปเลยตอนนี้ที่: http://goo.gl/RSLPA9  "
        },
        "product_discount_other": {
          "share_text": "ลองเข้ามาดูสินค้า {{product_name}} ลดราคา {{pct_off}}% เหลือ {{price_after}} เท่านั้น! ซื้อได้ในแอป Shopee ตอนนี้เลย! {{product_link}}",
          "share_title": "{{product_name}}",
          "share_url": "{{product_link}}",
          "description": "เข้ามาดูสินค้านี้กำลังลด {{pct_off}}% เหลือ {{price_after}} เท่านั้น! ใน Shopee! ดาวน์โหลดแอปเลยตอนนี้ที่: http://goo.gl/RSLPA9  "
        },
        "group_buy": {
          "share_text": "",
          "share_title": "",
          "share_url": "",
          "description": ""
        },
        "product_discount": {
          "share_text": "ขาย {{product_name}} ลดราคา {{pct_off}}% เหลือ {{price_after}} เท่านั้น! ซื้อได้ในแอป Shopee ตอนนี้เลย! {{product_link}}",
          "share_title": "{{product_name}}",
          "share_url": "{{product_link}}",
          "description": "เข้ามาดูสินค้านี้กำลังลด {{pct_off}}% เหลือ {{price_after}} เท่านั้น! ใน Shopee! ดาวน์โหลดแอปเลยตอนนี้ที่: http://goo.gl/RSLPA9  "
        },
        "slash_price": {
          "share_text": "",
          "share_title": "",
          "share_url": "",
          "description": ""
        },
        "referral": {
          "share_text": "ช้อปกับ Shopee นี่สะดวกมากเลย! ลองใช้โค้ดส่วนลด {{referral_code}} เพื่อรับส่วนลด {{referral_reward}} สำหรับการสั่งซื้อครั้งแรก  ดาวน์โหลดแอปเพื่อรับสิทธิ์ส่งฟรีและโปรโมชั่นอื่นๆอีกมากมาย ไปโหลดเลย! {{page_link}}",
          "share_title": "",
          "share_url": "",
          "description": ""
        },
        "id": "messenger"
      },
      {
        "shop": {
          "share_text": "ลองเข้ามาดูร้านค้าออนไลน์ของฉันใน Shopee! {{shop_name}}: {{shop_link}}"
        },
        "feed": {
          "share_text": "เข้ามาที่ Shopee เพื่อดูการอัพเดตของ {{user_name}} เลย! {{page_link}}"
        },
        "product": {
          "share_text": "ขาย {{product_name}} ในราคา {{price}} ซื้อได้ในแอป Shopee ตอนนี้เลย! {{product_link}} "
        },
        "shopee_buddy": {
          "share_text": "ร้านนี้มีโค้ดส่วนลดสำหรับลูกค้าใหม่ เพียงเข้ามาช้อปครั้งเเรกบน Shopee ลดไปเลย 80 บาท ช้อปเลย!!{{page_link}}"
        },
        "microsite": {
          "share_text": "เข้ามาดู {{share_title}} ใน Shopee {{page_link}} "
        },
        "shop_other": {
          "share_text": "ลองเข้ามาดูร้านค้าออนไลน์ร้านนี้ใน Shopee! {{shop_name}}: {{shop_link}}"
        },
        "product_other": {
          "share_text": "ลองเข้ามาดูสินค้า {{product_name}} ขายในราคา {{price}} ซื้อได้ในแอป Shopee ตอนนี้เลย! {{product_link}}"
        },
        "product_discount_other": {
          "share_text": "ลองเข้ามาดูสินค้า {{product_name}} ลดราคา {{pct_off}}% เหลือ {{price_after}} เท่านั้น! ซื้อได้ในแอป Shopee ตอนนี้เลย! {{product_link}}"
        },
        "group_buy": {
          "share_text": ""
        },
        "product_discount": {
          "share_text": "ขาย {{product_name}} ลดราคา {{pct_off}}% เหลือ {{price_after}} เท่านั้น! ซื้อได้ในแอป Shopee ตอนนี้เลย! {{product_link}}"
        },
        "slash_price": {
          "share_text": ""
        },
        "referral": {
          "share_text": "ช้อปกับ Shopee นี่สะดวกมากเลย! ลองใช้โค้ดส่วนลด {{referral_code}} เพื่อรับส่วนลด {{referral_reward}} สำหรับการสั่งซื้อครั้งแรก ดาวน์โหลดแอปเพื่อรับสิทธิ์ส่งฟรีและโปรโมชั่นอื่นๆอีกมากมาย ไปโหลดเลย! {{page_link}}"
        },
        "id": "whatsapp"
      },
      {
        "shop": {
          "quote": "",
          "share_text": "{{shop_name}}",
          "description": "ลองเข้ามาดูร้านค้าออนไลน์ร้านนี้ใน Shopee! ดาวน์โหลดแอปเลยตอนนี้ที่: http://goo.gl/RSLPA9 \n",
          "hashtag": ""
        },
        "feed": {
          "quote": "",
          "share_text": "",
          "description": "",
          "hashtag": "#shopeefeed"
        },
        "product": {
          "quote": "",
          "share_text": "{{product_name}}",
          "description": "เข้ามาดูสินค้านี้ในราคา {{price}} ใน Shopee! ดาวน์โหลดแอปเลยตอนนี้ที่: http://goo.gl/RSLPA9  ",
          "hashtag": ""
        },
        "shopee_buddy": {
          "quote": "ร้านนี้มีโค้ดส่วนลดสำหรับลูกค้าใหม่ เพียงเข้ามาช้อปครั้งเเรกบน Shopee ลดไปเลย 80 บาท ช้อปเลย!!{{page_link}}",
          "share_text": "แจกฟรี !! โค้ด Shopee Buddyสำหรับลูกค้าใหม่ มูลค่า 80 บาท ช้อปเลย {{page_link}}",
          "description": "ร้านนี้มีโค้ดส่วนลดสำหรับลูกค้าใหม่ เพียงเข้ามาช้อปครั้งเเรกบน Shopee ลดไปเลย 80 บาท ช้อปเลย!!{{page_link}}",
          "hashtag": "#ShopeeBuddy"
        },
        "microsite": {
          "quote": "",
          "share_text": "",
          "description": "",
          "hashtag": ""
        },
        "shop_other": {
          "quote": "",
          "share_text": "{{shop_name}}",
          "description": "ลองเข้ามาดูร้านค้าออนไลน์ร้านนี้ใน Shopee! ดาวน์โหลดแอปเลยตอนนี้ที่: http://goo.gl/RSLPA9 \n",
          "hashtag": ""
        },
        "product_other": {
          "quote": "",
          "share_text": "{{product_name}}",
          "description": "เข้ามาดูสินค้านี้ในราคา {{price}} ใน Shopee! ดาวน์โหลดแอปเลยตอนนี้ที่: http://goo.gl/RSLPA9  ",
          "hashtag": ""
        },
        "product_discount_other": {
          "quote": "",
          "share_text": "{{product_name}}",
          "description": "เข้ามาดูสินค้านี้กำลังลด {{pct_off}}% เหลือ {{price_after}} เท่านั้น! ใน Shopee! ดาวน์โหลดแอปเลยตอนนี้ที่: http://goo.gl/RSLPA9  ",
          "hashtag": ""
        },
        "group_buy": {
          "quote": "",
          "share_text": "",
          "description": "",
          "hashtag": ""
        },
        "product_discount": {
          "quote": "",
          "share_text": "{{product_name}}",
          "description": "เข้ามาดูสินค้านี้กำลังลด {{pct_off}}% เหลือ {{price_after}} เท่านั้น! ใน Shopee! ดาวน์โหลดแอปเลยตอนนี้ที่: http://goo.gl/RSLPA9  ",
          "hashtag": ""
        },
        "slash_price": {
          "quote": "",
          "share_text": "",
          "description": "",
          "hashtag": ""
        },
        "referral": {
          "quote": "",
          "share_text": "",
          "description": "",
          "hashtag": ""
        },
        "id": "facebook-web"
      }
    ]
  }
}