{
  "test": {},
  "uat": {},
  "staging": {},
  "live": {
    "zh-Hant": [
      {
        "shop": {
          "share_text": "我在蝦皮購物開店囉！快來我的「{{shop_name}}」賣場看看吧！{{shop_link}}"
        },
        "feed": {
          "share_text": "快來看看{{user_name}}的最新消息！\n一起到蝦皮動態上看更多有趣的貼文吧！\n{{post_link}}"
        },
        "product": {
          "share_text": "我有個商品要賣『{{product_name}}』，售價{{price}}！快到我的店鋪看看吧！=>{{product_link}} #蝦皮購物"
        },
        "shopee_buddy": {
          "share_text": ""
        },
        "microsite": {
          "share_text": "好東西分享給你，快到蝦皮查看 {{share_title}} 去！ {{page_link}}"
        },
        "shop_other": {
          "share_text": "WOW！快來看看「{{shop_name}}」的蝦皮賣場，這裡的商品超棒的！{{shop_link}}"
        },
        "product_other": {
          "share_text": "我發現超棒的東西『{{product_name}}』，售價{{price}}！分享給你 {{product_link}}"
        },
        "product_discount_other": {
          "share_text": "快來看看『{{product_name}}』，現在打{{pct_total}}折只要${{price_after}}！快上蝦皮購物購買吧！{{product_link}}"
        },
        "group_buy": {
          "share_text": "Hey 有好康的優惠想要分享給你！快加入我的團購群組，一起團購立即享受低價優惠！現在就上蝦皮購物了解團購優惠 {{product_link}}"
        },
        "product_discount": {
          "share_text": "我有個商品要賣『{{product_name}}』，現在{{pct_total}}折只要${{price_after}}！快上蝦皮購物購買吧！{{product_link}}"
        },
        "slash_price": {
          "share_text": "揪朋友 殺價趣\n快來幫我殺價，並賺1蝦幣的回饋喔！\n{{product_link}}"
        },
        "referral": {
          "share_text": "我喜歡在蝦皮上購物！運費補助好優惠、筆筆消費賺現金回饋！好東西就要和你分享，快使用我的推薦折扣碼 {{referral_code}}，你在蝦皮App上的第一筆訂單，無消費門檻限制，可以獲得 {{referral_reward}} 優惠！\n \n快下載蝦皮購物APP領取優惠吧！ {{page_link}}\n\n*蝦皮保有隨時終止活動的權利"
        },
        "id": "line"
      },
      {
        "shop": {
          "share_text": "{{shop_link}}"
        },
        "feed": {
          "share_text": "{{post_link}}"
        },
        "product": {
          "share_text": "{{product_link}}"
        },
        "shopee_buddy": {
          "share_text": ""
        },
        "microsite": {
          "share_text": "{{page_link}}"
        },
        "shop_other": {
          "share_text": "{{shop_link}}"
        },
        "product_other": {
          "share_text": "{{product_link}}"
        },
        "product_discount_other": {
          "share_text": "{{product_link}}"
        },
        "group_buy": {
          "share_text": "{{product_link}}"
        },
        "product_discount": {
          "share_text": "{{product_link}}"
        },
        "slash_price": {
          "share_text": "{{product_link}}"
        },
        "referral": {
          "share_text": "{{page_link}}"
        },
        "id": "copy_link"
      },
      {
        "shop": {
          "attribution_link": "",
          "share_text": "我在蝦皮購物開店囉！快來我的「{{shop_name}}」賣場看看吧！{{shop_link}}"
        },
        "feed": {
          "attribution_link": "{{post_link}}",
          "share_text": "快來看看{{user_name}}的最新消息！\n一起到蝦皮動態上看更多有趣的貼文吧！\n{{post_link}}"
        },
        "product": {
          "attribution_link": "",
          "share_text": "我有個商品要賣『{{product_name}}』，售價{{price}}！快到我的店鋪看看吧！=>{{product_link}} #蝦皮購物"
        },
        "shopee_buddy": {
          "attribution_link": "",
          "share_text": ""
        },
        "microsite": {
          "attribution_link": "",
          "share_text": ""
        },
        "shop_other": {
          "attribution_link": "",
          "share_text": "WOW！快來看看「{{shop_name}}」的蝦皮賣場，這裡的商品超棒的！{{shop_link}}"
        },
        "product_other": {
          "attribution_link": "",
          "share_text": "我發現超棒的東西『{{product_name}}』，售價{{price}}！分享給你 {{product_link}}"
        },
        "product_discount_other": {
          "attribution_link": "",
          "share_text": "快來看看『{{product_name}}』，現在打{{pct_total}}折只要${{price_after}}！快上蝦皮購物購買吧！{{product_link}}"
        },
        "group_buy": {
          "attribution_link": "",
          "share_text": "Hey 有好康的優惠想要分享給你！快加入我的團購群組，一起團購立即享受低價優惠！現在就上蝦皮購物了解團購優惠 {{product_link}}"
        },
        "product_discount": {
          "attribution_link": "",
          "share_text": "我有個商品要賣『{{product_name}}』，現在{{pct_total}}折只要${{price_after}}！快上蝦皮購物購買吧！{{product_link}}"
        },
        "slash_price": {
          "attribution_link": "{{product_link}}",
          "share_text": "揪朋友 殺價趣\n快來幫我殺價，並賺1蝦幣的回饋喔！\n{{product_link}}"
        },
        "referral": {
          "attribution_link": "",
          "share_text": "我喜歡在蝦皮上購物！運費補助好優惠、筆筆消費賺現金回饋！好東西就要和你分享，快使用我的推薦折扣碼 {{referral_code}}，你在蝦皮App上的第一筆訂單，無消費門檻限制，可以獲得 {{referral_reward}} 優惠！\n \n快下載蝦皮購物APP領取優惠吧！ {{page_link}}\n\n*蝦皮保有隨時終止活動的權利"
        },
        "id": "instagram"
      },
      {
        "shop": {
          "share_text": "我在蝦皮購物開店囉！快來我的「{{shop_name}}」賣場看看吧！{{shop_link}}"
        },
        "feed": {
          "share_text": "快來看看{{user_name}}的最新消息！\n一起到蝦皮動態上看更多有趣的貼文吧！\n{{post_link}}\n#shopee #shopeefeed #shopeetw"
        },
        "product": {
          "share_text": "我有個商品要賣『{{product_name}}』，售價{{price}}！快到我的店鋪看看吧！=>{{product_link}} #蝦皮購物"
        },
        "shopee_buddy": {
          "share_text": ""
        },
        "microsite": {
          "share_text": ""
        },
        "shop_other": {
          "share_text": "WOW！快來看看「{{shop_name}}」的蝦皮賣場，這裡的商品超棒的！{{shop_link}}"
        },
        "product_other": {
          "share_text": "我發現超棒的東西『{{product_name}}』，售價{{price}}！分享給你 {{product_link}}"
        },
        "product_discount_other": {
          "share_text": "快來看看『{{product_name}}』，現在打{{pct_total}}折只要${{price_after}}！快上蝦皮購物購買吧！{{product_link}}"
        },
        "group_buy": {
          "share_text": "Hey 有好康的優惠想要分享給你！快加入我的團購群組，一起團購立即享受低價優惠！現在就上蝦皮購物了解團購優惠 {{product_link}}"
        },
        "product_discount": {
          "share_text": "我有個商品要賣『{{product_name}}』，現在{{pct_total}}折只要${{price_after}}！快上蝦皮購物購買吧！{{product_link}}"
        },
        "slash_price": {
          "share_text": "揪朋友 殺價趣\n快來幫我殺價，並賺1蝦幣的回饋喔！\n{{product_link}}"
        },
        "referral": {
          "share_text": "我喜歡在蝦皮上購物！運費補助好優惠、筆筆消費賺現金回饋！好東西就要和你分享，快使用我的推薦折扣碼 {{referral_code}}，你在蝦皮App上的第一筆訂單，無消費門檻限制，可以獲得 {{referral_reward}} 優惠！\n \n快下載蝦皮購物APP領取優惠吧！ {{page_link}}\n\n*蝦皮保有隨時終止活動的權利"
        },
        "id": "twitter"
      },
      {
        "shop": {
          "share_text": "我在蝦皮購物開店囉！快來我的「{{shop_name}}」賣場看看吧！{{shop_link}}"
        },
        "feed": {
          "share_text": "快來看看{{user_name}}的最新消息！\n一起到蝦皮動態上看更多有趣的貼文吧！\n{{post_link}}"
        },
        "product": {
          "share_text": "我有個商品要賣『{{product_name}}』，售價{{price}}！快到我的店鋪看看吧！=>{{product_link}} #蝦皮購物"
        },
        "shopee_buddy": {
          "share_text": ""
        },
        "microsite": {
          "share_text": "好東西分享給你，快到蝦皮查看 {{share_title}} 去！ {{page_link}}"
        },
        "shop_other": {
          "share_text": "WOW！快來看看「{{shop_name}}」的蝦皮賣場，這裡的商品超棒的！{{shop_link}}"
        },
        "product_other": {
          "share_text": "我發現超棒的東西『{{product_name}}』，售價{{price}}！分享給你 {{product_link}}"
        },
        "product_discount_other": {
          "share_text": "快來看看『{{product_name}}』，現在打{{pct_total}}折只要${{price_after}}！快上蝦皮購物購買吧！{{product_link}}"
        },
        "group_buy": {
          "share_text": "Hey 有好康的優惠想要分享給你！快加入我的團購群組，一起團購立即享受低價優惠！現在就上蝦皮購物了解團購優惠 {{product_link}}"
        },
        "product_discount": {
          "share_text": "我有個商品要賣『{{product_name}}』，現在{{pct_total}}折只要${{price_after}}！快上蝦皮購物購買吧！{{product_link}}"
        },
        "slash_price": {
          "share_text": "揪朋友 殺價趣\n快來幫我殺價，並賺1蝦幣的回饋喔！\n{{product_link}}"
        },
        "referral": {
          "share_text": "我喜歡在蝦皮上購物！運費補助好優惠、筆筆消費賺現金回饋！好東西就要和你分享，快使用我的推薦折扣碼 {{referral_code}}，你在蝦皮App上的第一筆訂單，無消費門檻限制，可以獲得 {{referral_reward}} 優惠！\n \n快下載蝦皮購物APP領取優惠吧！ {{page_link}}\n\n*蝦皮保有隨時終止活動的權利"
        },
        "id": "copy_info"
      },
      {
        "shop": {
          "share_text": "我在蝦皮購物開店囉！快來我的「{{shop_name}}」賣場看看吧！{{shop_link}}"
        },
        "feed": {
          "share_text": "快來看看{{user_name}}的最新消息！\n一起到蝦皮動態上看更多有趣的貼文吧！\n{{post_link}}"
        },
        "product": {
          "share_text": "我有個商品要賣『{{product_name}}』，售價{{price}}！快到我的店鋪看看吧！=>{{product_link}} #蝦皮購物"
        },
        "shopee_buddy": {
          "share_text": ""
        },
        "microsite": {
          "share_text": "好東西分享給你，快到蝦皮查看 {{share_title}} 去！ {{page_link}}"
        },
        "shop_other": {
          "share_text": "WOW！快來看看「{{shop_name}}」的蝦皮賣場，這裡的商品超棒的！{{shop_link}}"
        },
        "product_other": {
          "share_text": "我發現超棒的東西『{{product_name}}』，售價{{price}}！分享給你 {{product_link}}"
        },
        "product_discount_other": {
          "share_text": "快來看看『{{product_name}}』，現在打{{pct_total}}折只要${{price_after}}！快上蝦皮購物購買吧！{{product_link}}"
        },
        "group_buy": {
          "share_text": "Hey 有好康的優惠想要分享給你！快加入我的團購群組，一起團購立即享受低價優惠！現在就上蝦皮購物了解團購優惠 {{product_link}}"
        },
        "product_discount": {
          "share_text": "我有個商品要賣『{{product_name}}』，現在{{pct_total}}折只要${{price_after}}！快上蝦皮購物購買吧！{{product_link}}"
        },
        "slash_price": {
          "share_text": "揪朋友 殺價趣\n快來幫我殺價，並賺1蝦幣的回饋喔！\n{{product_link}}"
        },
        "referral": {
          "share_text": "我喜歡在蝦皮上購物！運費補助好優惠、筆筆消費賺現金回饋！好東西就要和你分享，快使用我的推薦折扣碼 {{referral_code}}，你在蝦皮App上的第一筆訂單，無消費門檻限制，可以獲得 {{referral_reward}} 優惠！\n \n快下載蝦皮購物APP領取優惠吧！ {{page_link}}\n\n*蝦皮保有隨時終止活動的權利"
        },
        "id": "sms"
      },
      {
        "shop": {
          "body": "Hi, 我在蝦皮購物開店囉！歡迎光臨我的「{{shop_name}}」店鋪！{{shop_link}} \n\n什麼？！你還不知道蝦皮購物！這是一個最新、最方便的行動交易平台，讓你隨時隨地，即拍即賣，想買就買！立即下載 : http://goo.gl/2x4RU9",
          "subject": "歡迎光臨我的蝦皮賣場"
        },
        "feed": {
          "body": "快來看看{{user_name}}的最新消息！\n一起到蝦皮動態上看更多有趣的貼文吧！\n{{post_link}}",
          "subject": "來自蝦皮動態的最新消息！"
        },
        "product": {
          "body": "嗨！我有{{product_name}}要賣，現在只要{{price}}喔！快到我的蝦皮購物賣場看看=> {{product_link}}\n\n什麼？！你還不知道蝦皮購物！這是一個最新、最方便的行動交易平台，讓你隨時隨地，即拍即賣，想買就買！立即下載 : http://goo.gl/2x4RU9",
          "subject": "{{product_name}}，蝦皮購物現正熱賣中！"
        },
        "shopee_buddy": {
          "body": "",
          "subject": ""
        },
        "microsite": {
          "body": "我在蝦皮上找到超棒的東西，你一定會喜歡！{{page_link}}\n\n祝你購物愉快！",
          "subject": "好東西分享給你，快到蝦皮查看 {{share_title}} 去！"
        },
        "shop_other": {
          "body": "WOW！快來看看「{{shop_name}}」的蝦皮賣場，這裡的商品超棒的！{{shop_link}}\n\n什麼？！你還不知道蝦皮購物！這是一個最新、最方便的行動交易平台，讓你隨時隨地，即拍即賣，想買就買！立即下載 : http://goo.gl/2x4RU9",
          "subject": "來看看這家蝦皮賣場「{{shop_name}}」"
        },
        "product_other": {
          "body": "我發現超棒的東西『{{product_name}}』，售價{{price}}！分享給你 {{product_link}\n\n什麼？！你還不知道蝦皮購物！這是一個最新、最方便的行動交易平台，讓你隨時隨地，即拍即賣，想買就買！立即下載 : http://goo.gl/2x4RU9",
          "subject": "到蝦皮購物上買{{product_name}}"
        },
        "product_discount_other": {
          "body": "Hi,快來看看『{{product_name}}』，現在打{{pct_total}}折只要${{price_after}}！快來看看:{{product_link}}\n \n 什麼？！你還不知道蝦皮購物！這是一個最新、最方便的行動交易平台，讓你隨時隨地，即拍即賣，想買就買！立即下載 : http://goo.gl/2x4RU9",
          "subject": "快來看看『{{product_name}}』，現在打{{pct_total}}折唷，這麼好康只在蝦皮購物喔！"
        },
        "group_buy": {
          "body": "Hey 有好康的優惠想要分享給你！快加入我的團購群組，一起團購立即享受低價優惠！現在就上蝦皮購物了解團購優惠 {{product_link}}",
          "subject": "我想買這個！差你一個我的蝦皮團購就成團了！"
        },
        "product_discount": {
          "body": "Hi,我有個商品要賣『{{product_name}}』，現在打{{pct_total}}折只要${{price_after}}！快來看看:{{product_link}} \n\n什麼？！你還不知道蝦皮購物！這是一個最新、最方便的行動交易平台，讓你隨時隨地，即拍即賣，想買就買！立即下載 : http://goo.gl/2x4RU9",
          "subject": "我有個商品要賣『{{product_name}}』，現在打{{pct_total}}折！這麼好康只在蝦皮購物喔！"
        },
        "slash_price": {
          "body": "揪朋友 殺價趣\n快來幫我殺價，並賺1蝦幣的回饋喔！\n{{product_link}}",
          "subject": "揪朋友 殺價趣"
        },
        "referral": {
          "body": "我已經使用蝦皮一段時間了，我想你一定會跟我一樣愛上它！\n\n我喜歡在蝦皮上購物！運費補助好優惠、筆筆消費賺現金回饋！好東西就要和你分享，快使用我的推薦折扣碼 {{referral_code}}，你在蝦皮App上的第一筆訂單，無消費門檻限制，可以獲得 {{referral_reward}} 優惠！\n \n快下載蝦皮購物APP領取優惠吧！ {{page_link}}\n\n祝你購物愉快\n\n*蝦皮保有隨時終止活動的權利",
          "subject": "有驚喜！使用我的推薦折扣碼消費享優惠"
        },
        "id": "email"
      },
      {
        "shop": {
          "share_text": ""
        },
        "feed": {
          "share_text": "快來看看{{user_name}}的最新消息！\n一起到蝦皮動態上看更多有趣的貼文吧！\n{{post_link}}"
        },
        "product": {
          "share_text": ""
        },
        "shopee_buddy": {
          "share_text": ""
        },
        "microsite": {
          "share_text": ""
        },
        "shop_other": {
          "share_text": ""
        },
        "product_other": {
          "share_text": ""
        },
        "product_discount_other": {
          "share_text": ""
        },
        "group_buy": {
          "share_text": "Hey 有好康的優惠想要分享給你！快加入我的團購群組，一起團購立即享受低價優惠！現在就上蝦皮購物了解團購優惠 {{product_link}}"
        },
        "product_discount": {
          "share_text": ""
        },
        "slash_price": {
          "share_text": "揪朋友 殺價趣\n快來幫我殺價，並賺1蝦幣的回饋喔！\n{{product_link}}"
        },
        "referral": {
          "share_text": "我喜歡在蝦皮上購物！運費補助好優惠、筆筆消費賺現金回饋！好東西就要和你分享，快使用我的推薦折扣碼 {{referral_code}}，你在蝦皮App上的第一筆訂單，無消費門檻限制，可以獲得 {{referral_reward}} 優惠！\n \n快下載蝦皮購物APP領取優惠吧！ {{page_link}}\n\n*蝦皮保有隨時終止活動的權利"
        },
        "id": "shopee-chat"
      },
      {
        "shop": {
          "quote": "",
          "share_text": "{{shop_name}}",
          "description": "快到蝦皮購物看看！立即下載APP前往賣場=> http://goo.gl/2x4RU9",
          "hashtag": ""
        },
        "feed": {
          "quote": "",
          "share_text": "",
          "description": "",
          "hashtag": "#shopee"
        },
        "product": {
          "quote": "",
          "share_text": "{{product_name}}",
          "description": "蝦皮購物只賣{{price}}！立即下載APP前往賣場=> http://goo.gl/2x4RU9",
          "hashtag": ""
        },
        "shopee_buddy": {
          "quote": "",
          "share_text": "",
          "description": "",
          "hashtag": ""
        },
        "microsite": {
          "quote": "",
          "share_text": "好東西分享給你，快到蝦皮查看 {{share_title}} 去！ {{page_link}}",
          "description": "",
          "hashtag": ""
        },
        "shop_other": {
          "quote": "",
          "share_text": "{{shop_name}}",
          "description": "快到蝦皮購物看看！立即下載APP前往賣場=> http://goo.gl/2x4RU9",
          "hashtag": ""
        },
        "product_other": {
          "quote": "",
          "share_text": "{{product_name}}",
          "description": "蝦皮購物只賣{{price}}！立即下載APP前往賣場=> http://goo.gl/2x4RU9",
          "hashtag": ""
        },
        "product_discount_other": {
          "quote": "",
          "share_text": "{{product_name}}",
          "description": "快來看看這個，現在打{{pct_total}}折只要${{price_after}}！快上蝦皮購物購買吧！http://goo.gl/2x4RU9",
          "hashtag": ""
        },
        "group_buy": {
          "quote": "",
          "share_text": "我想買這個！差你一個我的蝦皮團購就成團了！",
          "description": "Hey 有好康的優惠想要分享給你！快加入我的團購群組，一起團購立即享受低價優惠！現在就上蝦皮購物了解團購優惠 {{product_link}}",
          "hashtag": ""
        },
        "product_discount": {
          "quote": "",
          "share_text": "{{product_name}}",
          "description": "快來看看這個，現在打{{pct_total}}折只要${{price_after}}！快上蝦皮購物購買吧！http://goo.gl/2x4RU9",
          "hashtag": ""
        },
        "slash_price": {
          "quote": "",
          "share_text": "揪朋友 殺價趣\n{{product_link}}",
          "description": "快來幫我殺價，並賺1蝦幣的回饋喔！",
          "hashtag": "#shopee"
        },
        "referral": {
          "quote": "",
          "share_text": "我喜歡在蝦皮上購物！運費補助好優惠、筆筆消費賺現金回饋！好東西就要和你分享，快使用我的推薦折扣碼 {{referral_code}}，你在蝦皮App上的第一筆訂單，無消費門檻限制，可以獲得 {{referral_reward}} 優惠！\n \n快下載蝦皮購物APP領取優惠吧！ {{page_link}}\n\n*蝦皮保有隨時終止活動的權利",
          "description": "我喜歡在蝦皮上購物！運費補助好優惠、筆筆消費賺現金回饋！好東西就要和你分享，快使用我的推薦折扣碼 {{referral_code}}，你在蝦皮App上的第一筆訂單，無消費門檻限制，可以獲得 {{referral_reward}} 優惠！\n \n快下載蝦皮購物APP領取優惠吧！ {{page_link}}\n\n*蝦皮保有隨時終止活動的權利",
          "hashtag": ""
        },
        "id": "facebook"
      },
      {
        "shop": {
          "square_image": "",
          "rectangle_image": ""
        },
        "feed": {
          "square_image": "",
          "rectangle_image": ""
        },
        "product": {
          "square_image": "0d247f75a47843a8756b9fe64c4be158",
          "rectangle_image": "e2b2b5eec9d41817692f5e10e8b8f15d"
        },
        "shopee_buddy": {
          "square_image": "",
          "rectangle_image": ""
        },
        "microsite": {
          "square_image": "",
          "rectangle_image": ""
        },
        "shop_other": {
          "square_image": "",
          "rectangle_image": ""
        },
        "product_other": {
          "square_image": "0d247f75a47843a8756b9fe64c4be158",
          "rectangle_image": "e2b2b5eec9d41817692f5e10e8b8f15d"
        },
        "product_discount_other": {
          "square_image": "2c3ee3b5480273bbeafc3bfcb46ba391",
          "rectangle_image": "e2b2b5eec9d41817692f5e10e8b8f15d"
        },
        "group_buy": {
          "square_image": "",
          "rectangle_image": ""
        },
        "product_discount": {
          "square_image": "0d247f75a47843a8756b9fe64c4be158",
          "rectangle_image": "e2b2b5eec9d41817692f5e10e8b8f15d"
        },
        "slash_price": {
          "square_image": "a2a132c923d4a258b9714855e43f13e8",
          "rectangle_image": "e0375d85d5fb816981d23a7c6e8622ec"
        },
        "referral": {
          "square_image": "",
          "rectangle_image": ""
        },
        "id": "share_image"
      },
      {
        "shop": {
          "share_text": "我在蝦皮購物開店囉！快來我的「{{shop_name}}」賣場看看吧！{{shop_link}}",
          "share_title": "{{shop_name}}",
          "share_url": "{{shop_link}}",
          "description": "快到蝦皮購物看看！立即下載APP前往賣場=> http://goo.gl/2x4RU9"
        },
        "feed": {
          "share_text": "快來看看{{user_name}}的最新消息！\n一起到蝦皮動態上看更多有趣的貼文吧！\n{{post_link}}",
          "share_title": "",
          "share_url": "{{post_link}}",
          "description": ""
        },
        "product": {
          "share_text": "我有個商品要賣『{{product_name}}』，售價{{price}}！快到我的店鋪看看吧！=>{{product_link}} #蝦皮購物",
          "share_title": "{{product_name}}",
          "share_url": "{{product_link}}",
          "description": "蝦皮購物只賣{{price}}！立即下載APP前往賣場=> http://goo.gl/2x4RU9"
        },
        "shopee_buddy": {
          "share_text": "",
          "share_title": "",
          "share_url": "",
          "description": ""
        },
        "microsite": {
          "share_text": "好東西分享給你，快到蝦皮查看 {{share_title}} 去！ {{page_link}}",
          "share_title": "",
          "share_url": "",
          "description": ""
        },
        "shop_other": {
          "share_text": "WOW！快來看看「{{shop_name}}」的蝦皮賣場，這裡的商品超棒的！{{shop_link}}",
          "share_title": "{{shop_name}}",
          "share_url": "{{shop_link}}",
          "description": "快到蝦皮購物看看！立即下載APP前往賣場=> http://goo.gl/2x4RU9"
        },
        "product_other": {
          "share_text": "我發現超棒的東西『{{product_name}}』，售價{{price}}！分享給你 {{product_link}}",
          "share_title": "{{product_name}}",
          "share_url": "{{product_link}}",
          "description": "蝦皮購物只賣{{price}}！立即下載APP前往賣場=> http://goo.gl/2x4RU9"
        },
        "product_discount_other": {
          "share_text": "快來看看『{{product_name}}』，現在打{{pct_total}}折只要${{price_after}}！快上蝦皮購物購買吧！{{product_link}}",
          "share_title": "{{product_name}}",
          "share_url": "{{product_link}}",
          "description": "快來看看這個，現在打{{pct_total}}折只要${{price_after}}！快上蝦皮購物購買吧！http://goo.gl/2x4RU9"
        },
        "group_buy": {
          "share_text": "Hey 有好康的優惠想要分享給你！快加入我的團購群組，一起團購立即享受低價優惠！現在就上蝦皮購物了解團購優惠 {{product_link}}",
          "share_title": "我想買這個！差你一個我的蝦皮團購就成團了！",
          "share_url": "{{product_link}}",
          "description": "Hey 有好康的優惠想要分享給你！快加入我的團購群組，一起團購立即享受低價優惠！現在就上蝦皮購物了解團購優惠 {{product_link}}"
        },
        "product_discount": {
          "share_text": "我有個商品要賣『{{product_name}}』，現在{{pct_total}}折只要${{price_after}}！快上蝦皮購物購買吧！{{product_link}}",
          "share_title": "{{product_name}}",
          "share_url": "{{product_link}}",
          "description": "快來看看這個，現在打{{pct_total}}折只要${{price_after}}！快上蝦皮購物購買吧！http://goo.gl/2x4RU9"
        },
        "slash_price": {
          "share_text": "揪朋友 殺價趣\n快來幫我殺價，並賺1蝦幣的回饋喔！\n{{product_link}}",
          "share_title": "揪朋友 殺價趣\n{{product_link}}",
          "share_url": "{{product_link}}",
          "description": "快來幫我殺價，並賺1蝦幣的回饋喔！"
        },
        "referral": {
          "share_text": "我喜歡在蝦皮上購物！運費補助好優惠、筆筆消費賺現金回饋！好東西就要和你分享，快使用我的推薦折扣碼 {{referral_code}}，你在蝦皮App上的第一筆訂單，無消費門檻限制，可以獲得 {{referral_reward}} 優惠！\n \n快下載蝦皮購物APP領取優惠吧！ {{page_link}}\n\n*蝦皮保有隨時終止活動的權利",
          "share_title": "我喜歡在蝦皮上購物！運費補助好優惠、筆筆消費賺現金回饋！好東西就要和你分享，快使用我的推薦折扣碼 {{referral_code}}，你在蝦皮App上的第一筆訂單，無消費門檻限制，可以獲得 {{referral_reward}} 優惠！\n \n快下載蝦皮購物APP領取優惠吧！ {{page_link}}\n\n*蝦皮保有隨時終止活動的權利",
          "share_url": "{{page_link}}",
          "description": "我喜歡在蝦皮上購物！運費補助好優惠、筆筆消費賺現金回饋！好東西就要和你分享，快使用我的推薦折扣碼 {{referral_code}}，你在蝦皮App上的第一筆訂單，無消費門檻限制，可以獲得 {{referral_reward}} 優惠！\n \n快下載蝦皮購物APP領取優惠吧！ {{page_link}}\n\n*蝦皮保有隨時終止活動的權利"
        },
        "id": "messenger"
      },
      {
        "shop": {
          "share_text": "我在蝦皮購物開店囉！快來我的「{{shop_name}}」賣場看看吧！{{shop_link}}"
        },
        "feed": {
          "share_text": "快來看看{{user_name}}的最新消息！\n一起到蝦皮動態上看更多有趣的貼文吧！\n{{post_link}}"
        },
        "product": {
          "share_text": "我有個商品要賣『{{product_name}}』，售價{{price}}！快到我的店鋪看看吧！=>{{product_link}} #蝦皮購物"
        },
        "shopee_buddy": {
          "share_text": ""
        },
        "microsite": {
          "share_text": "好東西分享給你，快到蝦皮查看 {{share_title}} 去！ {{page_link}}"
        },
        "shop_other": {
          "share_text": "WOW！快來看看「{{shop_name}}」的蝦皮賣場，這裡的商品超棒的！{{shop_link}}"
        },
        "product_other": {
          "share_text": "我發現超棒的東西『{{product_name}}』，售價{{price}}！分享給你 {{product_link}}"
        },
        "product_discount_other": {
          "share_text": "快來看看『{{product_name}}』，現在打{{pct_total}}折只要${{price_after}}！快上蝦皮購物購買吧！{{product_link}}"
        },
        "group_buy": {
          "share_text": "Hey 有好康的優惠想要分享給你！快加入我的團購群組，一起團購立即享受低價優惠！現在就上蝦皮購物了解團購優惠 {{product_link}}"
        },
        "product_discount": {
          "share_text": "我有個商品要賣『{{product_name}}』，現在{{pct_total}}折只要${{price_after}}！快上蝦皮購物購買吧！{{product_link}}"
        },
        "slash_price": {
          "share_text": "揪朋友 殺價趣\n快來幫我殺價，並賺1蝦幣的回饋喔！\n{{product_link}}"
        },
        "referral": {
          "share_text": "我喜歡在蝦皮上購物！運費補助好優惠、筆筆消費賺現金回饋！好東西就要和你分享，快使用我的推薦折扣碼 {{referral_code}}，你在蝦皮App上的第一筆訂單，無消費門檻限制，可以獲得 {{referral_reward}} 優惠！\n \n快下載蝦皮購物APP領取優惠吧！ {{page_link}}\n\n*蝦皮保有隨時終止活動的權利"
        },
        "id": "whatsapp"
      },
      {
        "shop": {
          "quote": "",
          "share_text": "{{shop_name}}",
          "description": "快到蝦皮購物看看！立即下載APP前往賣場=> http://goo.gl/2x4RU9",
          "hashtag": ""
        },
        "feed": {
          "quote": "",
          "share_text": "",
          "description": "",
          "hashtag": "#shopee"
        },
        "product": {
          "quote": "",
          "share_text": "{{product_name}}",
          "description": "蝦皮購物只賣{{price}}！立即下載APP前往賣場=> http://goo.gl/2x4RU9",
          "hashtag": ""
        },
        "shopee_buddy": {
          "quote": "",
          "share_text": "",
          "description": "",
          "hashtag": ""
        },
        "microsite": {
          "quote": "",
          "share_text": "",
          "description": "",
          "hashtag": ""
        },
        "shop_other": {
          "quote": "",
          "share_text": "{{shop_name}}",
          "description": "快到蝦皮購物看看！立即下載APP前往賣場=> http://goo.gl/2x4RU9",
          "hashtag": ""
        },
        "product_other": {
          "quote": "",
          "share_text": "{{product_name}}",
          "description": "蝦皮購物只賣{{price}}！立即下載APP前往賣場=> http://goo.gl/2x4RU9",
          "hashtag": ""
        },
        "product_discount_other": {
          "quote": "",
          "share_text": "{{product_name}}",
          "description": "快來看看這個，現在打{{pct_total}}折只要${{price_after}}！快上蝦皮購物購買吧！http://goo.gl/2x4RU9",
          "hashtag": ""
        },
        "group_buy": {
          "quote": "",
          "share_text": "我想買這個！差你一個我的蝦皮團購就成團了！",
          "description": "Hey 有好康的優惠想要分享給你！快加入我的團購群組，一起團購立即享受低價優惠！現在就上蝦皮購物了解團購優惠 {{product_link}}",
          "hashtag": ""
        },
        "product_discount": {
          "quote": "",
          "share_text": "{{product_name}}",
          "description": "快來看看這個，現在打{{pct_total}}折只要${{price_after}}！快上蝦皮購物購買吧！http://goo.gl/2x4RU9",
          "hashtag": ""
        },
        "slash_price": {
          "quote": "",
          "share_text": "揪朋友 殺價趣\n{{product_link}}",
          "description": "快來幫我殺價，並賺1蝦幣的回饋喔！",
          "hashtag": "#shopee"
        },
        "referral": {
          "quote": "",
          "share_text": "我喜歡在蝦皮上購物！運費補助好優惠、筆筆消費賺現金回饋！好東西就要和你分享，快使用我的推薦折扣碼 {{referral_code}}，你在蝦皮App上的第一筆訂單，無消費門檻限制，可以獲得 {{referral_reward}} 優惠！\n \n快下載蝦皮購物APP領取優惠吧！ {{page_link}}\n\n*蝦皮保有隨時終止活動的權利",
          "description": "我喜歡在蝦皮上購物！運費補助好優惠、筆筆消費賺現金回饋！好東西就要和你分享，快使用我的推薦折扣碼 {{referral_code}}，你在蝦皮App上的第一筆訂單，無消費門檻限制，可以獲得 {{referral_reward}} 優惠！\n \n快下載蝦皮購物APP領取優惠吧！ {{page_link}}\n\n*蝦皮保有隨時終止活動的權利",
          "hashtag": ""
        },
        "id": "facebook-web"
      }
    ]
  }
}