{
  "test": {},
  "uat": {},
  "staging": {},
  "live": {
    "vi": [
      {
        "shop": {
          "share_text": "Ghé thăm gian hàng online của mình trên Shopee nhé! {{shop_name}}: {{shop_link}}"
        },
        "feed": {
          "share_text": "{{user_name}} ơi, Shopee Feed mới thú vị lắm. Vào xem ngay thôi! {{page_link}}"
        },
        "product": {
          "share_text": "Mình bán {{product_name}} với giá chỉ {{price}}. Mua ngay trên Shopee nhé! {{product_link}}"
        },
        "shopee_buddy": {
          "share_text": ""
        },
        "microsite": {
          "share_text": ""
        },
        "shop_other": {
          "share_text": "Gian hàng online {{shop_name}} đã xuất hiện trên Shopee rồi! Xem ngay: {{shop_link}}!"
        },
        "product_other": {
          "share_text": "Cơ hội sở hữu {{product_name}} với giá chỉ {{price}}! Mua ngay trên Shopee! {{product_link}}"
        },
        "product_discount_other": {
          "share_text": "Cơ hội sở hữu sản phẩm {{product_name}} được giảm {{pct_off}}%! Chỉ còn {{price_after}}. Mua ngay trên Shopee! {{product_link}}"
        },
        "group_buy": {
          "share_text": ""
        },
        "product_discount": {
          "share_text": "Mình bán {{product_name}} giảm đến {{pct_off}}%! Chỉ còn {{price_after}}. Mua ngay trên Shopee! {{product_link}}"
        },
        "slash_price": {
          "share_text": ""
        },
        "referral": {
          "share_text": ""
        },
        "id": "line"
      },
      {
        "shop": {
          "share_text": "{{shop_link}}"
        },
        "feed": {
          "share_text": "{{page_link}}"
        },
        "product": {
          "share_text": "{{product_link}}"
        },
        "shopee_buddy": {
          "share_text": ""
        },
        "microsite": {
          "share_text": "{{page_link}}"
        },
        "shop_other": {
          "share_text": "{{shop_link}}"
        },
        "product_other": {
          "share_text": "{{product_link}}"
        },
        "product_discount_other": {
          "share_text": "{{product_link}}"
        },
        "group_buy": {
          "share_text": ""
        },
        "product_discount": {
          "share_text": "{{product_link}}"
        },
        "slash_price": {
          "share_text": ""
        },
        "referral": {
          "share_text": "{{page_link}}"
        },
        "id": "copy_link"
      },
      {
        "shop": {
          "attribution_link": "",
          "share_text": "Ghé thăm gian hàng online của mình trên Shopee nhé! {{shop_name}}: {{shop_link}}"
        },
        "feed": {
          "attribution_link": "",
          "share_text": "{{user_name}} ơi, Shopee Feed mới thú vị lắm. Vào xem ngay thôi! {{page_link}}"
        },
        "product": {
          "attribution_link": "",
          "share_text": "Mình bán {{product_name}} với giá chỉ {{price}}. Mua ngay trên Shopee nhé! {{product_link}}"
        },
        "shopee_buddy": {
          "attribution_link": "",
          "share_text": ""
        },
        "microsite": {
          "attribution_link": "",
          "share_text": ""
        },
        "shop_other": {
          "attribution_link": "",
          "share_text": "Gian hàng online {{shop_name}} đã xuất hiện trên Shopee rồi! Xem ngay: {{shop_link}}!"
        },
        "product_other": {
          "attribution_link": "",
          "share_text": "Cơ hội sở hữu {{product_name}} với giá chỉ {{price}}! Mua ngay trên Shopee! {{product_link}}"
        },
        "product_discount_other": {
          "attribution_link": "",
          "share_text": "Cơ hội sở hữu sản phẩm {{product_name}} được giảm {{pct_off}}%! Chỉ còn {{price_after}}. Mua ngay trên Shopee! {{product_link}}"
        },
        "group_buy": {
          "attribution_link": "",
          "share_text": ""
        },
        "product_discount": {
          "attribution_link": "",
          "share_text": "Mình bán {{product_name}} giảm đến {{pct_off}}%! Chỉ còn {{price_after}}. Mua ngay trên Shopee! {{product_link}}"
        },
        "slash_price": {
          "attribution_link": "",
          "share_text": ""
        },
        "referral": {
          "attribution_link": "",
          "share_text": "[Mua sắm trên Shopee thích lắm. Tặng bạn mã giới thiệu của mình {{referral_code}}, bạn sẽ nhận {{referral_reward}} cho đơn hàng đầu tiên trên ứng dụng Shopee! Còn chần chừ gì mà không tải ứng dụng Shopee ngay! {{page_link}}]\n\n#shopee #mua #bán #instashop #shopping #iphone #android #shopeeVN #fashion #thoitrang #dienthoai #phukien"
        },
        "id": "instagram"
      },
      {
        "shop": {
          "share_text": "Ghé thăm gian hàng online của mình trên Shopee nhé! {{shop_name}}: {{shop_link}}"
        },
        "feed": {
          "share_text": "{{user_name}} ơi, Shopee Feed mới thú vị lắm. Vào xem ngay thôi! {{page_link}}"
        },
        "product": {
          "share_text": "Mình bán {{product_name}} với giá chỉ {{price}}. Mua ngay trên Shopee nhé! {{product_link}}"
        },
        "shopee_buddy": {
          "share_text": ""
        },
        "microsite": {
          "share_text": ""
        },
        "shop_other": {
          "share_text": "Gian hàng online {{shop_name}} đã xuất hiện trên Shopee rồi! Xem ngay: {{shop_link}}!"
        },
        "product_other": {
          "share_text": "Cơ hội sở hữu {{product_name}} với giá chỉ {{price}}! Mua ngay trên Shopee! {{product_link}}"
        },
        "product_discount_other": {
          "share_text": "Cơ hội sở hữu sản phẩm {{product_name}} được giảm {{pct_off}}%! Chỉ còn {{price_after}}. Mua ngay trên Shopee! {{product_link}}"
        },
        "group_buy": {
          "share_text": ""
        },
        "product_discount": {
          "share_text": "Mình bán {{product_name}} giảm đến {{pct_off}}%! Chỉ còn {{price_after}}. Mua ngay trên Shopee! {{product_link}}"
        },
        "slash_price": {
          "share_text": ""
        },
        "referral": {
          "share_text": ""
        },
        "id": "twitter"
      },
      {
        "shop": {
          "share_text": "Ghé thăm gian hàng online của mình trên Shopee nhé! {{shop_name}}: {{shop_link}}"
        },
        "feed": {
          "share_text": "{{user_name}} ơi, Shopee Feed mới thú vị lắm. Vào xem ngay thôi! {{page_link}}"
        },
        "product": {
          "share_text": "Mình bán {{product_name}} với giá chỉ {{price}}. Mua ngay trên Shopee nhé! {{product_link}}"
        },
        "shopee_buddy": {
          "share_text": ""
        },
        "microsite": {
          "share_text": "Xem ngay {{share_title}} trên Shopee! {{page_link}}"
        },
        "shop_other": {
          "share_text": "Gian hàng online {{shop_name}} đã xuất hiện trên Shopee rồi! Xem ngay: {{shop_link}}!"
        },
        "product_other": {
          "share_text": "Cơ hội sở hữu {{product_name}} với giá chỉ {{price}}! Mua ngay trên Shopee! {{product_link}}"
        },
        "product_discount_other": {
          "share_text": "Cơ hội sở hữu sản phẩm {{product_name}} được giảm {{pct_off}}%! Chỉ còn {{price_after}}. Mua ngay trên Shopee! {{product_link}}"
        },
        "group_buy": {
          "share_text": ""
        },
        "product_discount": {
          "share_text": "Mình bán {{product_name}} giảm đến {{pct_off}}%! Chỉ còn {{price_after}}. Mua ngay trên Shopee! {{product_link}}"
        },
        "slash_price": {
          "share_text": ""
        },
        "referral": {
          "share_text": "[Mua sắm trên Shopee thích lắm. Tặng bạn mã giới thiệu của mình {{referral_code}}, bạn sẽ nhận {{referral_reward}} cho đơn hàng đầu tiên trên ứng dụng Shopee! Tải ứng dụng Shopee ngay và tận hưởng miễn phí vận chuyển cùng rất nhiều chương trình khuyến mãi hấp dẫn! {{page_link}}]"
        },
        "id": "copy_info"
      },
      {
        "shop": {
          "share_text": "Ghé thăm gian hàng online của mình trên Shopee nhé! {{shop_name}}: {{shop_link}}"
        },
        "feed": {
          "share_text": "{{user_name}} ơi, Shopee Feed mới thú vị lắm. Vào xem ngay thôi! {{page_link}}"
        },
        "product": {
          "share_text": "Mình bán {{product_name}} với giá chỉ {{price}}. Mua ngay trên Shopee nhé! {{product_link}}"
        },
        "shopee_buddy": {
          "share_text": ""
        },
        "microsite": {
          "share_text": "Xem ngay {{share_title}} trên Shopee! {{page_link}}"
        },
        "shop_other": {
          "share_text": "Gian hàng online {{shop_name}} đã xuất hiện trên Shopee rồi! Xem ngay: {{shop_link}}!"
        },
        "product_other": {
          "share_text": "Cơ hội sở hữu {{product_name}} với giá chỉ {{price}}! Mua ngay trên Shopee! {{product_link}}"
        },
        "product_discount_other": {
          "share_text": "Cơ hội sở hữu sản phẩm {{product_name}} được giảm {{pct_off}}%! Chỉ còn {{price_after}}. Mua ngay trên Shopee! {{product_link}}"
        },
        "group_buy": {
          "share_text": ""
        },
        "product_discount": {
          "share_text": "Mình bán {{product_name}} giảm đến {{pct_off}}%! Chỉ còn {{price_after}}. Mua ngay trên Shopee! {{product_link}}"
        },
        "slash_price": {
          "share_text": ""
        },
        "referral": {
          "share_text": "[Mua sắm trên Shopee thích lắm. Tặng bạn mã giới thiệu cùa mình {{referral_code}}, bạn sẽ nhận {{referral_reward}} cho đơn hàng đầu tiên trên ứng dụng Shopee!  Tải ứng dụng Shopee ngay và tận hưởng miễn phí vận chuyển cùng rất nhiều chương trình khuyến mãi hấp dẫn! {{page_link}}]"
        },
        "id": "sms"
      },
      {
        "shop": {
          "body": "Chào bạn, gian hàng {{shop_name}} của mình đã xuất hiện trên Shopee, bạn khám phá nhé! {{shop_link}}\n\nBạn chưa biết đến Shopee? Shopee là ứng dụng di động rất hữu ích giúp bạn mua bán online nhanh chóng và an toàn. Tải ngay tại http://goo.gl/da2hrd và trải nghiệm nhé!\n",
          "subject": "Mời bạn ghé thăm gian hàng của mình trên Shopee!"
        },
        "feed": {
          "body": "{{user_name}} ơi,\n\nBạn biết gì chưa? Shopee giờ có thêm Shopee Feed {{post_name}} {{post_link}}, cho phép bạn share nhiều hình ảnh đẹp của sản phẩm, quảng bá đến nhiều người hơn nên độ hot của sản phẩm cũng sẽ nhiều hơn đó. \nChọn {{page_link}} ngay nào!",
          "subject": "Shopee Feed - hot hot bạn ơi ^^"
        },
        "product": {
          "body": "Chào bạn, đừng bỏ lỡ cơ hội có được {{product_name}} mà mình bán với giá chỉ {{price}} nhé! Mời bạn xem chi tiết sản phẩm tại đây {{product_link}}!\n\nBạn chưa biết đến Shopee? Shopee là ứng dụng di động rất hữu ích giúp bạn mua bán online nhanh chóng và an toàn. Tải ngay tại http://goo.gl/da2hrd và khám phá nhé!\n",
          "subject": "Cơ hội sở hữu {{product_name}} trên Shopee!"
        },
        "shopee_buddy": {
          "body": "",
          "subject": ""
        },
        "microsite": {
          "body": "Chào bạn! Mình vừa khám phá ra 1 thứ cực kì hấp dẫn trên Shopee, mình nghĩ có thể bạn cũng sẽ thích đấy! {{page_link}}\n\nChúc bạn mua sắm vui vẻ!",
          "subject": "Xem ngay {{share_title}} trên Shopee!"
        },
        "shop_other": {
          "body": "Chào bạn, gian hàng {{shop_name}} hấp dẫn đã có mặt trên Shopee, mời bạn khám phá để chọn được món đồ ưng ý nhất! {{shop_link}}\n\nBạn chưa biết đến Shopee? Shopee là ứng dụng di động rất hữu ích giúp bạn mua bán online nhanh chóng và an toàn.Tải ngay tại: http://goo.gl/da2hrd và trải nghiệm nhé!",
          "subject": "Không thể bỏ qua gian hàng online {{shop_name}} trên Shopee!"
        },
        "product_other": {
          "body": "Chào bạn, đừng bỏ lỡ {{product_name}} với giá chỉ {{price}} trên Shopee ngay hôm nay! Ghé thăm {{product_link}} để biết thêm chi tiết nhé!\n\nBạn chưa biết đến Shopee? Shopee là ứng dụng di động rất hữu ích giúp bạn mua bán online nhanh chóng và an toàn. Tải ngay tại http://goo.gl/da2hrd và trải nghiệm nhé!\n",
          "subject": "Sở hữu ngay {{product_name}} trên Shopee!"
        },
        "product_discount_other": {
          "body": "Chào bạn, sản phẩm {{product_name}} đang được giảm {{pct_off}}%! Chỉ còn {{price_after}}. Xem thêm tại {{product_link}}.\n \nBạn chưa biết đến Shopee? Shopee là ứng dụng di động rất hữu ích giúp bạn mua bán online nhanh chóng và an toàn! Tải ngay tại: http://goo.gl/da2hrd và trải nghiệm nhé!",
          "subject": "Cơ hội sở hữu sản phẩm {{product_name}} giảm đến {{pct_off}}% trên Shopee"
        },
        "group_buy": {
          "body": "",
          "subject": ""
        },
        "product_discount": {
          "body": "Chào bạn, Mình đang bán {{product_name}} giảm đến {{pct_off}}%! Chỉ còn {{price_after}}. Xem thêm tại {{product_link}}!\n\nBạn chưa biết đến Shopee? Shopee là ứng dụng di động rất hữu ích giúp bạn mua bán online nhanh chóng và an toàn! Tải ngay tại: http://goo.gl/da2hrd và trải nghiệm nhé!",
          "subject": "Mình đang bán {{product_name}} giảm đến {{pct_off}}% trên Shopee"
        },
        "slash_price": {
          "body": "",
          "subject": ""
        },
        "referral": {
          "body": "Chào bạn,\nMình đã sử dụng Shopee một thời gian và mình thực sự rất thích mua sắm trên Shopee. Mình nghĩ có thể bạn cũng sẽ mê Shopee như mình.\nTặng bạn mã giới thiệu của mình {{referral_code}}, bạn sẽ nhận {{referral_reward}} cho đơn hàng đầu tiên trên ứng dụng Shopee! Tải ứng dụng Shopee ngay và tận hưởng miễn phí vận chuyển cùng rất nhiều chương trình khuyến mãi hấp dẫn!  {{page_link}}\nChúc bạn mua sắm vui vẻ!",
          "subject": "Tặng bạn mã giới thiệu của mình, bạn thỏa sức mua sắm trên Shopee nha!"
        },
        "id": "email"
      },
      {
        "shop": {
          "share_text": ""
        },
        "feed": {
          "share_text": "{{user_name}} ơi, Shopee Feed mới thú vị lắm. Vào xem ngay thôi! {{page_link}}"
        },
        "product": {
          "share_text": ""
        },
        "shopee_buddy": {
          "share_text": ""
        },
        "microsite": {
          "share_text": ""
        },
        "shop_other": {
          "share_text": ""
        },
        "product_other": {
          "share_text": ""
        },
        "product_discount_other": {
          "share_text": ""
        },
        "group_buy": {
          "share_text": ""
        },
        "product_discount": {
          "share_text": ""
        },
        "slash_price": {
          "share_text": ""
        },
        "referral": {
          "share_text": ""
        },
        "id": "shopee-chat"
      },
      {
        "shop": {
          "quote": "",
          "share_text": "{{shop_name}}",
          "description": "Ghé thăm gian hàng này trên Shopee ! Tải ứng dụng ngay tại:  http://goo.gl/da2hrd\n",
          "hashtag": ""
        },
        "feed": {
          "quote": "",
          "share_text": "",
          "description": "",
          "hashtag": "#shopeefeed"
        },
        "product": {
          "quote": "",
          "share_text": "{{product_name}}\n",
          "description": "Chỉ với giá {{price}} trên Shopee. Tải ứng dụng ngay tại: http://goo.gl/da2hrd",
          "hashtag": ""
        },
        "shopee_buddy": {
          "quote": "",
          "share_text": "",
          "description": "",
          "hashtag": ""
        },
        "microsite": {
          "quote": "",
          "share_text": "Xem ngay {{share_title}} trên Shopee! {{page_link}}",
          "description": "",
          "hashtag": ""
        },
        "shop_other": {
          "quote": "",
          "share_text": "{{shop_name}}",
          "description": "Ghé thăm gian hàng này trên Shopee ! Tải ứng dụng ngay tại:  http://goo.gl/da2hrd",
          "hashtag": ""
        },
        "product_other": {
          "quote": "",
          "share_text": "{{product_name}}\n",
          "description": "Chỉ với giá {{price}} trên Shopee. Tải ứng dụng ngay tại: http://goo.gl/da2hrd",
          "hashtag": ""
        },
        "product_discount_other": {
          "quote": "",
          "share_text": "{{product_name}}",
          "description": "Cơ hội sở hữu sản phẩm với giá chỉ {{price_after}}, giảm đến {{pct_off}}%! Tải ngay Shopee tại: http://goo.gl/da2hrd",
          "hashtag": ""
        },
        "group_buy": {
          "quote": "",
          "share_text": "",
          "description": "",
          "hashtag": ""
        },
        "product_discount": {
          "quote": "",
          "share_text": "{{product_name}}",
          "description": "Mình bán sản phẩm với giá chỉ {{price_after}}, giảm đến {{pct_off}}%! Tải ngay Shopee tại: http://goo.gl/da2hrd",
          "hashtag": ""
        },
        "slash_price": {
          "quote": "",
          "share_text": "",
          "description": "",
          "hashtag": ""
        },
        "referral": {
          "quote": "",
          "share_text": "[Mua sắm trên Shopee thích lắm. Tặng bạn mã giới thiệu của mình {{referral_code}}, bạn sẽ nhận {{referral_reward}} cho đơn hàng đầu tiên trên ứng dụng Shopee! Tải ứng dụng Shopee ngay và tận hưởng miễn phí vận chuyển cùng rất nhiều chương trình khuyến mãi hấp dẫn! {{page_link}}]",
          "description": "",
          "hashtag": ""
        },
        "id": "facebook"
      },
      {
        "shop": {
          "square_image": "",
          "rectangle_image": ""
        },
        "feed": {
          "square_image": "",
          "rectangle_image": ""
        },
        "product": {
          "square_image": "0d247f75a47843a8756b9fe64c4be158",
          "rectangle_image": "d5512820340ee95a8ccb9f4603ca0002"
        },
        "shopee_buddy": {
          "square_image": "",
          "rectangle_image": ""
        },
        "microsite": {
          "square_image": "",
          "rectangle_image": ""
        },
        "shop_other": {
          "square_image": "",
          "rectangle_image": ""
        },
        "product_other": {
          "square_image": "0d247f75a47843a8756b9fe64c4be158",
          "rectangle_image": "d5512820340ee95a8ccb9f4603ca0002"
        },
        "product_discount_other": {
          "square_image": "0d247f75a47843a8756b9fe64c4be158",
          "rectangle_image": "d5512820340ee95a8ccb9f4603ca0002"
        },
        "group_buy": {
          "square_image": "",
          "rectangle_image": ""
        },
        "product_discount": {
          "square_image": "0d247f75a47843a8756b9fe64c4be158",
          "rectangle_image": "d5512820340ee95a8ccb9f4603ca0002"
        },
        "slash_price": {
          "square_image": "",
          "rectangle_image": ""
        },
        "referral": {
          "square_image": "",
          "rectangle_image": ""
        },
        "id": "share_image"
      },
      {
        "shop": {
          "share_text": "Ghé thăm gian hàng online của mình trên Shopee nhé! {{shop_name}}: {{shop_link}}",
          "share_title": "{{shop_name}}",
          "share_url": "{{shop_link}}",
          "description": "Ghé thăm gian hàng này trên Shopee ! Tải ứng dụng ngay tại:  http://goo.gl/da2hrd\n"
        },
        "feed": {
          "share_text": "{{user_name}} ơi, Shopee Feed mới thú vị lắm. Vào xem ngay thôi! {{page_link}}",
          "share_title": "",
          "share_url": "{{page_link}}",
          "description": ""
        },
        "product": {
          "share_text": "Mình bán {{product_name}} với giá chỉ {{price}}. Mua ngay trên Shopee nhé! {{product_link}}",
          "share_title": "{{product_name}}\n",
          "share_url": "{{product_link}}",
          "description": "Chỉ với giá {{price}} trên Shopee. Tải ứng dụng ngay tại: http://goo.gl/da2hrd"
        },
        "shopee_buddy": {
          "share_text": "",
          "share_title": "",
          "share_url": "",
          "description": ""
        },
        "microsite": {
          "share_text": "Xem ngay {{share_title}} trên Shopee! {{page_link}}",
          "share_title": "",
          "share_url": "",
          "description": ""
        },
        "shop_other": {
          "share_text": "Gian hàng online {{shop_name}} đã xuất hiện trên Shopee rồi! Xem ngay: {{shop_link}}!",
          "share_title": "{{shop_name}}",
          "share_url": "{{shop_link}}",
          "description": "Ghé thăm gian hàng này trên Shopee ! Tải ứng dụng ngay tại:  http://goo.gl/da2hrd"
        },
        "product_other": {
          "share_text": "Cơ hội sở hữu {{product_name}} với giá chỉ {{price}}! Mua ngay trên Shopee! {{product_link}}",
          "share_title": "{{product_name}}\n",
          "share_url": "{{product_link}}",
          "description": "Chỉ với giá {{price}} trên Shopee. Tải ứng dụng ngay tại: http://goo.gl/da2hrd"
        },
        "product_discount_other": {
          "share_text": "Cơ hội sở hữu sản phẩm {{product_name}} được giảm {{pct_off}}%! Chỉ còn {{price_after}}. Mua ngay trên Shopee! {{product_link}}",
          "share_title": "{{product_name}}",
          "share_url": "{{product_link}}",
          "description": "Cơ hội sở hữu sản phẩm với giá chỉ {{price_after}}, giảm đến {{pct_off}}%! Tải ngay Shopee tại: http://goo.gl/da2hrd"
        },
        "group_buy": {
          "share_text": "",
          "share_title": "",
          "share_url": "",
          "description": ""
        },
        "product_discount": {
          "share_text": "Mình bán {{product_name}} giảm đến {{pct_off}}%! Chỉ còn {{price_after}}. Mua ngay trên Shopee! {{product_link}}",
          "share_title": "{{product_name}}",
          "share_url": "{{product_link}}",
          "description": "Mình bán sản phẩm với giá chỉ {{price_after}}, giảm đến {{pct_off}}%! Tải ngay Shopee tại: http://goo.gl/da2hrd"
        },
        "slash_price": {
          "share_text": "",
          "share_title": "",
          "share_url": "",
          "description": ""
        },
        "referral": {
          "share_text": "[Mua sắm trên Shopee thích lắm. Tặng bạn mã giới thiệu của mình {{referral_code}}, bạn sẽ nhận {{referral_reward}} cho đơn hàng đầu tiên trên ứng dụng Shopee! Còn chần chừ gì mà không tải ứng dụng Shopee ngay! {{page_link}}]",
          "share_title": "",
          "share_url": "",
          "description": ""
        },
        "id": "messenger"
      },
      {
        "shop": {
          "share_text": "Ghé thăm gian hàng online của mình trên Shopee nhé! {{shop_name}}: {{shop_link}}"
        },
        "feed": {
          "share_text": "{{user_name}} ơi, Shopee Feed mới thú vị lắm. Vào xem ngay thôi! {{page_link}}"
        },
        "product": {
          "share_text": "Mình bán {{product_name}} với giá chỉ {{price}}. Mua ngay trên Shopee nhé! {{product_link}}"
        },
        "shopee_buddy": {
          "share_text": ""
        },
        "microsite": {
          "share_text": "Xem ngay {{share_title}} trên Shopee! {{page_link}}"
        },
        "shop_other": {
          "share_text": "Gian hàng online {{shop_name}} đã xuất hiện trên Shopee rồi! Xem ngay: {{shop_link}}!"
        },
        "product_other": {
          "share_text": "Cơ hội sở hữu {{product_name}} với giá chỉ {{price}}! Mua ngay trên Shopee! {{product_link}}"
        },
        "product_discount_other": {
          "share_text": "Cơ hội sở hữu sản phẩm {{product_name}} được giảm {{pct_off}}%! Chỉ còn {{price_after}}. Mua ngay trên Shopee! {{product_link}}"
        },
        "group_buy": {
          "share_text": ""
        },
        "product_discount": {
          "share_text": "Mình bán {{product_name}} giảm đến {{pct_off}}%! Chỉ còn {{price_after}}. Mua ngay trên Shopee! {{product_link}}"
        },
        "slash_price": {
          "share_text": ""
        },
        "referral": {
          "share_text": "[Mua sắm trên Shopee thích lắm. Tặng bạn mã giới thiệu của mình {{referral_code}}, bạn sẽ nhận {{referral_reward}} cho đơn hàng đầu tiên trên ứng dụng Shopee! Còn chần chừ gì mà không tải ứng dụng Shopee ngay! {{page_link}}]"
        },
        "id": "whatsapp"
      },
      {
        "shop": {
          "quote": "",
          "share_text": "{{shop_name}}",
          "description": "Ghé thăm gian hàng này trên Shopee ! Tải ứng dụng ngay tại:  http://goo.gl/da2hrd\n",
          "hashtag": ""
        },
        "feed": {
          "quote": "",
          "share_text": "",
          "description": "",
          "hashtag": "#shopeefeed"
        },
        "product": {
          "quote": "",
          "share_text": "{{product_name}}\n",
          "description": "Chỉ với giá {{price}} trên Shopee. Tải ứng dụng ngay tại: http://goo.gl/da2hrd",
          "hashtag": ""
        },
        "shopee_buddy": {
          "quote": "",
          "share_text": "",
          "description": "",
          "hashtag": ""
        },
        "microsite": {
          "quote": "",
          "share_text": "",
          "description": "",
          "hashtag": ""
        },
        "shop_other": {
          "quote": "",
          "share_text": "{{shop_name}}",
          "description": "Ghé thăm gian hàng này trên Shopee ! Tải ứng dụng ngay tại:  http://goo.gl/da2hrd",
          "hashtag": ""
        },
        "product_other": {
          "quote": "",
          "share_text": "{{product_name}}\n",
          "description": "Chỉ với giá {{price}} trên Shopee. Tải ứng dụng ngay tại: http://goo.gl/da2hrd",
          "hashtag": ""
        },
        "product_discount_other": {
          "quote": "",
          "share_text": "{{product_name}}",
          "description": "Cơ hội sở hữu sản phẩm với giá chỉ {{price_after}}, giảm đến {{pct_off}}%! Tải ngay Shopee tại: http://goo.gl/da2hrd",
          "hashtag": ""
        },
        "group_buy": {
          "quote": "",
          "share_text": "",
          "description": "",
          "hashtag": ""
        },
        "product_discount": {
          "quote": "",
          "share_text": "{{product_name}}",
          "description": "Mình bán sản phẩm với giá chỉ {{price_after}}, giảm đến {{pct_off}}%! Tải ngay Shopee tại: http://goo.gl/da2hrd",
          "hashtag": ""
        },
        "slash_price": {
          "quote": "",
          "share_text": "",
          "description": "",
          "hashtag": ""
        },
        "referral": {
          "quote": "",
          "share_text": "",
          "description": "",
          "hashtag": ""
        },
        "id": "facebook-web"
      }
    ]
  }
}